Kingdom,Phylum,Class,Order,Family,Genus,S1,S2,S3,S4,S5,S6,S7,S8,S9,S10,S11,S12,S13,S15,S16,S17,S18,S19,S20,S21,S22
Bacteria,Acidobacteriota,Acidobacteriae,Acidobacteriales,Acidobacteriaceae (Subgroup 1),Bryocella,0,0,37,0,0,0,0,0,0,0,0,0,0,0,0,0,0,10,0,0,0
Bacteria,Acidobacteriota,Acidobacteriae,Acidobacteriales,Acidobacteriaceae (Subgroup 1),Granulicella,0,0,200,0,0,0,0,0,0,0,0,0,0,0,0,0,0,0,0,0,0
Bacteria,Acidobacteriota,Acidobacteriae,Acidobacteriales,Acidobacteriaceae (Subgroup 1),Terriglobus,0,0,166,0,0,0,0,0,0,0,0,0,0,0,0,0,0,0,0,0,0
Bacteria,Acidobacteriota,Acidobacteriae,Acidobacteriales,Acidobacteriaceae (Subgroup 1),NA,0,0,16,0,0,0,0,0,0,0,0,0,0,0,0,0,0,0,0,0,0
Bacteria,Acidobacteriota,Blastocatellia,Blastocatellales,Blastocatellaceae,Blastocatella,9,0,0,0,0,0,0,0,0,0,0,0,0,0,0,0,0,0,0,0,0
Bacteria,Acidobacteriota,Blastocatellia,Blastocatellales,Blastocatellaceae,NA,0,9,0,4,6,0,0,0,24,0,0,11,11,0,0,0,0,0,0,0,0
Bacteria,Acidobacteriota,Blastocatellia,Pyrinomonadales,Pyrinomonadaceae,RB41,0,0,0,0,0,0,0,0,0,0,0,0,0,0,0,0,0,26,0,0,0
Bacteria,Acidobacteriota,Holophagae,Subgroup 7,NA,NA,0,0,0,0,0,0,0,0,0,0,7,0,0,0,0,0,0,0,0,0,0
Bacteria,Acidobacteriota,Vicinamibacteria,Vicinamibacterales,Vicinamibacteraceae,NA,0,0,0,0,0,0,0,0,0,4,0,0,0,0,0,0,0,0,0,0,0
Bacteria,Acidobacteriota,Vicinamibacteria,Vicinamibacterales,NA,NA,0,0,4,0,0,0,0,0,0,9,0,0,0,0,0,0,0,28,0,0,0
Bacteria,Actinobacteriota,Acidimicrobiia,Microtrichales,NA,NA,0,0,0,0,0,5,0,0,0,0,0,0,0,0,0,0,0,0,0,0,0
Bacteria,Actinobacteriota,Actinobacteria,0319-7L14,NA,NA,0,0,0,0,0,0,0,0,0,4,0,0,0,0,0,0,0,0,0,0,0
Bacteria,Actinobacteriota,Actinobacteria,Actinomycetales,Actinomycetaceae,Actinomyces,57,0,3,0,0,0,0,0,0,6,0,0,27,0,51,0,0,48,12,117,57
Bacteria,Actinobacteriota,Actinobacteria,Actinomycetales,Actinomycetaceae,Mobiluncus,0,0,0,0,0,0,0,0,7,0,0,0,0,0,0,0,0,0,0,0,0
Bacteria,Actinobacteriota,Actinobacteria,Bifidobacteriales,Bifidobacteriaceae,Bifidobacterium,0,0,0,0,0,0,0,0,0,0,0,0,22,0,9,0,0,68,93,131,0
Bacteria,Actinobacteriota,Actinobacteria,Bifidobacteriales,Bifidobacteriaceae,Gardnerella,0,0,0,0,0,0,0,0,0,0,4,0,0,0,0,0,0,0,0,0,0
Bacteria,Actinobacteriota,Actinobacteria,Bifidobacteriales,Bifidobacteriaceae,Scardovia,0,0,0,0,0,0,0,0,0,0,0,0,0,0,0,0,0,0,0,26,0
Bacteria,Actinobacteriota,Actinobacteria,Corynebacteriales,Corynebacteriaceae,Corynebacterium,0,2,6,7,2,0,17,0,31,48,0,0,55,0,0,0,106,0,16,0,94
Bacteria,Actinobacteriota,Actinobacteria,Corynebacteriales,Corynebacteriaceae,Lawsonella,21,0,0,21,20,0,14,0,0,0,0,12,0,0,0,6,0,18,0,0,23
Bacteria,Actinobacteriota,Actinobacteria,Corynebacteriales,Dietziaceae,Dietzia,15,21,0,0,0,0,0,0,0,0,0,0,0,0,0,0,68,0,0,0,0
Bacteria,Actinobacteriota,Actinobacteria,Corynebacteriales,Mycobacteriaceae,Mycobacterium,0,81,59,23,35,41,0,12,18,24,0,29,0,0,0,0,0,0,0,0,12
Bacteria,Actinobacteriota,Actinobacteria,Corynebacteriales,Nocardiaceae,Rhodococcus,0,0,0,0,0,0,11,0,13,0,20,0,0,31,23,0,241,26,0,14,0
Bacteria,Actinobacteriota,Actinobacteria,Corynebacteriales,Nocardiaceae,Williamsia,6,0,0,0,0,0,0,0,0,0,0,0,0,0,0,0,0,0,0,0,0
Bacteria,Actinobacteriota,Actinobacteria,Corynebacteriales,Nocardiaceae,NA,0,0,0,0,0,0,0,0,0,0,0,0,0,0,0,0,0,0,0,0,9
Bacteria,Actinobacteriota,Actinobacteria,Corynebacteriales,NA,NA,0,0,11,0,0,0,0,0,0,0,0,0,0,0,0,0,0,0,0,0,0
Bacteria,Actinobacteriota,Actinobacteria,Frankiales,Frankiaceae,Jatrophihabitans,0,0,23,0,0,0,0,0,0,9,0,0,0,0,0,0,0,0,0,0,0
Bacteria,Actinobacteriota,Actinobacteria,Frankiales,Geodermatophilaceae,Blastococcus,0,0,0,0,0,0,0,0,0,0,0,10,0,0,0,0,0,0,0,0,0
Bacteria,Actinobacteriota,Actinobacteria,Frankiales,Geodermatophilaceae,Geodermatophilus,0,0,0,0,0,0,0,0,0,0,0,0,0,0,0,5,0,0,0,0,0
Bacteria,Actinobacteriota,Actinobacteria,Frankiales,Geodermatophilaceae,Modestobacter,0,21,0,0,0,0,0,0,0,0,0,0,0,0,0,0,0,0,0,0,0
Bacteria,Actinobacteriota,Actinobacteria,Frankiales,Geodermatophilaceae,NA,0,0,0,0,0,0,0,0,0,0,5,0,0,0,0,0,0,0,0,0,0
Bacteria,Actinobacteriota,Actinobacteria,Frankiales,Nakamurellaceae,Nakamurella,0,0,7,0,0,0,0,0,0,0,0,0,0,0,0,0,0,0,0,0,0
Bacteria,Actinobacteriota,Actinobacteria,Frankiales,NA,NA,0,0,39,0,0,0,0,0,0,0,0,0,0,0,0,0,0,0,0,0,0
Bacteria,Actinobacteriota,Actinobacteria,Kineosporiales,Kineosporiaceae,Kineococcus,0,0,0,0,0,0,0,0,0,0,0,5,0,0,0,0,0,0,0,0,0
Bacteria,Actinobacteriota,Actinobacteria,Micrococcales,Beutenbergiaceae,NA,0,0,0,0,0,0,0,0,0,0,0,16,0,0,0,0,0,0,0,0,0
Bacteria,Actinobacteriota,Actinobacteria,Micrococcales,Brevibacteriaceae,Brevibacterium,0,0,4,0,0,0,0,0,0,0,0,0,0,0,0,0,0,0,0,0,0
Bacteria,Actinobacteriota,Actinobacteria,Micrococcales,Dermabacteraceae,Brachybacterium,0,0,0,0,0,0,0,0,0,0,0,0,0,0,0,0,0,0,4,0,0
Bacteria,Actinobacteriota,Actinobacteria,Micrococcales,Intrasporangiaceae,NA,13,0,10,0,0,11,0,0,0,0,0,0,0,0,0,0,44,0,0,0,0
Bacteria,Actinobacteriota,Actinobacteria,Micrococcales,Microbacteriaceae,Marisediminicola,0,0,14,0,0,0,0,0,0,0,0,0,0,0,0,0,0,0,0,0,0
Bacteria,Actinobacteriota,Actinobacteria,Micrococcales,Microbacteriaceae,Rhodoluna,0,0,0,0,0,0,0,0,0,0,0,0,0,0,8,0,0,0,0,0,0
Bacteria,Actinobacteriota,Actinobacteria,Micrococcales,Microbacteriaceae,Subtercola,0,0,0,0,0,0,0,0,0,0,0,0,0,0,0,0,0,0,0,0,29
Bacteria,Actinobacteriota,Actinobacteria,Micrococcales,Microbacteriaceae,NA,22,0,26,0,0,0,9,0,0,0,0,0,0,0,0,0,0,0,0,0,0
Bacteria,Actinobacteriota,Actinobacteria,Micrococcales,Micrococcaceae,Arthrobacter,0,0,0,0,0,0,0,0,0,0,0,21,0,0,0,0,0,0,0,0,0
Bacteria,Actinobacteriota,Actinobacteria,Micrococcales,Micrococcaceae,Auritidibacter,0,0,0,0,0,0,0,0,0,0,0,0,0,0,0,0,0,0,35,0,0
Bacteria,Actinobacteriota,Actinobacteria,Micrococcales,Micrococcaceae,Kocuria,0,0,0,0,0,38,0,0,0,0,0,0,0,0,0,0,0,13,0,0,0
Bacteria,Actinobacteriota,Actinobacteria,Micrococcales,Micrococcaceae,Micrococcus,0,14,0,0,0,0,0,27,0,0,0,0,0,0,0,0,0,0,0,0,0
Bacteria,Actinobacteriota,Actinobacteria,Micrococcales,Micrococcaceae,Renibacterium,97,0,0,0,0,0,116,0,0,0,0,0,0,0,0,0,12,0,0,0,0
Bacteria,Actinobacteriota,Actinobacteria,Micrococcales,Micrococcaceae,Rothia,16,8,0,0,0,0,0,0,0,0,0,0,34,0,11,0,39,10,66,109,0
Bacteria,Actinobacteriota,Actinobacteria,Micrococcales,Micrococcaceae,NA,0,10,0,0,0,0,0,0,0,0,0,0,0,0,0,0,0,0,0,9,0
Bacteria,Actinobacteriota,Actinobacteria,Micrococcales,NA,NA,0,0,0,0,0,0,0,0,0,0,0,0,0,0,0,0,0,0,14,0,0
Bacteria,Actinobacteriota,Actinobacteria,Micromonosporales,Micromonosporaceae,NA,0,0,0,0,0,0,0,0,0,0,0,0,0,0,0,0,0,19,0,0,0
Bacteria,Actinobacteriota,Actinobacteria,Propionibacteriales,Nocardioidaceae,Nocardioides,4,0,0,0,0,7,0,0,0,12,0,0,7,0,0,0,0,10,0,0,0
Bacteria,Actinobacteriota,Actinobacteria,Propionibacteriales,Nocardioidaceae,NA,0,0,0,0,0,0,0,0,0,0,0,0,0,0,0,0,0,29,0,0,0
Bacteria,Actinobacteriota,Actinobacteria,Propionibacteriales,Propionibacteriaceae,Cutibacterium,208,87,214,33,42,0,15,0,28,37,180,75,95,24,76,11,186,69,187,46,182
Bacteria,Actinobacteriota,Actinobacteria,Propionibacteriales,Propionibacteriaceae,Friedmanniella,0,0,0,0,0,0,0,0,0,0,0,0,11,0,0,0,0,0,0,0,0
Bacteria,Actinobacteriota,Actinobacteria,Pseudonocardiales,Pseudonocardiaceae,Pseudonocardia,4,0,0,0,0,0,0,0,0,0,0,0,9,0,0,0,0,0,0,0,0
Bacteria,Actinobacteriota,Actinobacteria,Streptomycetales,Streptomycetaceae,Streptomyces,0,0,0,0,0,0,0,0,0,0,0,0,0,0,0,0,0,12,0,0,0
Bacteria,Actinobacteriota,Actinobacteria,NA,NA,NA,15,0,0,0,0,0,0,0,0,24,8,0,0,0,0,0,0,0,0,0,0
Bacteria,Actinobacteriota,Coriobacteriia,Coriobacteriales,Atopobiaceae,Atopobium,0,0,0,0,0,0,0,0,0,0,0,0,6,0,0,0,0,15,13,31,0
Bacteria,Actinobacteriota,Coriobacteriia,Coriobacteriales,Atopobiaceae,Olsenella,0,0,0,0,0,0,0,0,0,0,0,0,0,0,4,0,0,0,0,17,0
Bacteria,Actinobacteriota,Coriobacteriia,Coriobacteriales,Coriobacteriaceae,Collinsella,0,4,0,0,0,0,0,0,0,0,0,0,8,0,0,0,0,24,29,56,0
Bacteria,Actinobacteriota,Coriobacteriia,Coriobacteriales,Eggerthellaceae,Eggerthella,0,0,0,0,0,0,0,0,0,0,0,0,21,0,13,5,0,39,24,53,17
Bacteria,Actinobacteriota,Coriobacteriia,Coriobacteriales,Eggerthellaceae,Gordonibacter,0,0,0,0,0,0,0,0,0,0,0,0,0,0,0,0,0,0,0,6,0
Bacteria,Actinobacteriota,Coriobacteriia,Coriobacteriales,Eggerthellaceae,Paraeggerthella,0,0,0,0,0,0,0,0,0,0,0,0,0,0,9,0,0,0,0,0,0
Bacteria,Actinobacteriota,Coriobacteriia,Coriobacteriales,NA,NA,0,0,0,0,0,0,0,0,0,0,0,0,0,0,0,0,0,0,0,9,0
Bacteria,Actinobacteriota,Rubrobacteria,Rubrobacterales,Rubrobacteriaceae,Rubrobacter,24,24,32,17,45,36,0,0,0,38,0,0,89,23,42,18,0,19,0,54,0
Bacteria,Actinobacteriota,Thermoleophilia,Gaiellales,Gaiellaceae,Gaiella,0,0,4,0,0,0,0,0,0,0,0,0,0,0,0,0,0,0,0,0,0
Bacteria,Actinobacteriota,Thermoleophilia,Gaiellales,NA,NA,0,0,0,0,0,0,0,0,0,0,0,0,0,0,0,0,0,19,0,0,0
Bacteria,Actinobacteriota,Thermoleophilia,Solirubrobacterales,67-14,NA,0,4,5,0,0,0,0,0,0,9,0,0,0,0,0,0,0,0,0,0,0
Bacteria,Actinobacteriota,Thermoleophilia,Solirubrobacterales,Solirubrobacteraceae,Parviterribacter,0,0,0,0,0,0,0,0,0,0,0,0,12,0,0,0,0,0,0,0,0
Bacteria,Actinobacteriota,Thermoleophilia,Solirubrobacterales,Solirubrobacteraceae,NA,6,0,0,0,0,0,0,0,0,0,0,0,0,0,0,0,0,0,0,0,0
Bacteria,Actinobacteriota,Thermoleophilia,Solirubrobacterales,NA,NA,0,6,0,0,0,0,0,0,0,0,11,0,0,0,0,0,0,0,0,0,0
Bacteria,Armatimonadota,Armatimonadia,Armatimonadales,NA,NA,5,0,68,0,0,11,0,0,0,0,0,0,0,0,5,0,0,0,0,0,0
Bacteria,Armatimonadota,Chthonomonadetes,Chthonomonadales,Chthonomonadaceae,Chthonomonas,0,0,9,0,0,0,0,0,0,0,0,0,0,0,0,0,0,0,0,0,0
Bacteria,Bacteroidota,Bacteroidia,Bacteroidales,Bacteroidaceae,Bacteroides,0,0,0,0,5,0,0,0,0,31,9,15,2094,646,1755,454,2481,2377,2117,5597,1459
Bacteria,Bacteroidota,Bacteroidia,Bacteroidales,Barnesiellaceae,Barnesiella,0,0,0,0,0,0,0,0,0,0,0,0,7,0,82,12,0,95,70,202,0
Bacteria,Bacteroidota,Bacteroidia,Bacteroidales,Barnesiellaceae,Coprobacter,0,0,0,0,0,0,0,0,0,0,0,0,0,0,34,0,0,13,0,75,0
Bacteria,Bacteroidota,Bacteroidia,Bacteroidales,Barnesiellaceae,NA,0,0,0,0,0,0,0,0,0,0,0,0,11,0,0,0,35,0,0,0,0
Bacteria,Bacteroidota,Bacteroidia,Bacteroidales,Dysgonomonadaceae,Dysgonomonas,0,0,0,0,0,0,0,0,0,0,0,0,7,0,0,0,0,0,17,0,0
Bacteria,Bacteroidota,Bacteroidia,Bacteroidales,Marinifilaceae,Butyricimonas,0,0,0,0,0,0,0,0,0,0,0,0,25,0,0,0,0,0,0,46,0
Bacteria,Bacteroidota,Bacteroidia,Bacteroidales,Marinifilaceae,Odoribacter,0,0,0,0,0,0,0,0,0,0,0,0,68,28,0,8,0,68,0,93,0
Bacteria,Bacteroidota,Bacteroidia,Bacteroidales,Marinifilaceae,Sanguibacteroides,0,0,0,0,0,0,0,0,0,0,0,0,0,0,0,0,0,0,0,9,0
Bacteria,Bacteroidota,Bacteroidia,Bacteroidales,Muribaculaceae,NA,0,0,0,0,0,0,0,0,0,0,0,0,79,12,64,40,205,43,142,249,103
Bacteria,Bacteroidota,Bacteroidia,Bacteroidales,Porphyromonadaceae,Porphyromonas,224,0,0,0,5,0,0,0,0,0,15,0,0,0,2,0,0,0,0,0,9
Bacteria,Bacteroidota,Bacteroidia,Bacteroidales,Prevotellaceae,Alloprevotella,53,27,16,0,0,0,0,0,0,0,0,5,8,0,0,0,0,0,0,53,80
Bacteria,Bacteroidota,Bacteroidia,Bacteroidales,Prevotellaceae,Paraprevotella,0,0,0,0,0,0,0,0,0,0,0,0,53,58,88,12,62,17,72,223,0
Bacteria,Bacteroidota,Bacteroidia,Bacteroidales,Prevotellaceae,Prevotella,4,0,0,0,0,3,0,0,0,0,0,5,0,0,0,0,0,26,0,0,74
Bacteria,Bacteroidota,Bacteroidia,Bacteroidales,Prevotellaceae,Prevotella_7,8,0,0,0,0,0,0,0,0,0,6,0,63,13,40,25,201,47,46,133,52
Bacteria,Bacteroidota,Bacteroidia,Bacteroidales,Prevotellaceae,Prevotella_9,3,0,0,6,0,0,0,0,0,0,13,0,129,24,116,0,207,133,72,274,0
Bacteria,Bacteroidota,Bacteroidia,Bacteroidales,Prevotellaceae,Prevotellaceae NK3B31 group,0,0,0,0,0,0,0,0,0,0,0,0,15,0,0,0,0,21,0,0,0
Bacteria,Bacteroidota,Bacteroidia,Bacteroidales,Prevotellaceae,Prevotellaceae UCG-003,11,0,0,0,0,0,0,0,0,0,0,0,0,0,0,0,0,0,0,0,0
Bacteria,Bacteroidota,Bacteroidia,Bacteroidales,Prevotellaceae,NA,0,0,0,0,0,0,0,0,0,0,0,0,31,27,50,0,30,111,78,148,0
Bacteria,Bacteroidota,Bacteroidia,Bacteroidales,Rikenellaceae,Alistipes,0,0,0,0,0,0,0,0,0,0,0,0,121,41,221,9,243,101,206,494,154
Bacteria,Bacteroidota,Bacteroidia,Bacteroidales,Rikenellaceae,Rikenellaceae RC9 gut group,0,0,0,0,0,0,0,0,0,0,0,4,15,0,0,0,0,44,29,0,0
Bacteria,Bacteroidota,Bacteroidia,Bacteroidales,Tannerellaceae,Parabacteroides,0,0,0,0,0,0,0,0,0,0,0,0,234,189,176,66,319,320,300,795,454
Bacteria,Bacteroidota,Bacteroidia,Bacteroidales,Tannerellaceae,NA,0,0,0,0,0,0,0,0,0,0,0,0,0,0,0,0,0,0,7,0,0
Bacteria,Bacteroidota,Bacteroidia,Bacteroidales,NA,NA,0,0,0,0,0,0,0,0,0,0,0,7,149,84,33,32,84,143,132,294,91
Bacteria,Bacteroidota,Bacteroidia,Chitinophagales,Chitinophagaceae,Chitinophaga,0,0,0,0,0,0,0,0,0,0,3,0,0,0,0,0,0,0,0,0,0
Bacteria,Bacteroidota,Bacteroidia,Chitinophagales,Chitinophagaceae,Cnuella,0,3,0,0,0,0,0,0,0,0,0,0,0,0,0,0,27,0,0,2,0
Bacteria,Bacteroidota,Bacteroidia,Chitinophagales,Chitinophagaceae,Flaviaesturariibacter,0,0,0,0,0,0,0,0,0,0,0,4,0,0,0,0,0,0,0,0,0
Bacteria,Bacteroidota,Bacteroidia,Chitinophagales,Chitinophagaceae,Segetibacter,0,0,0,0,3,0,0,0,0,0,0,0,0,0,0,0,0,0,0,0,0
Bacteria,Bacteroidota,Bacteroidia,Chitinophagales,Chitinophagaceae,Terrimonas,0,0,0,0,0,0,0,0,0,0,0,0,0,0,0,0,0,2,0,0,0
Bacteria,Bacteroidota,Bacteroidia,Chitinophagales,Chitinophagaceae,NA,0,0,0,0,0,0,0,0,0,0,0,0,0,0,0,0,0,6,0,0,0
Bacteria,Bacteroidota,Bacteroidia,Cytophagales,Hymenobacteraceae,Adhaeribacter,0,4,0,0,0,0,0,0,0,0,0,0,0,0,0,0,0,32,0,0,0
Bacteria,Bacteroidota,Bacteroidia,Cytophagales,Hymenobacteraceae,Hymenobacter,29,0,251,0,0,0,0,8,0,0,0,14,0,0,0,0,30,36,0,0,0
Bacteria,Bacteroidota,Bacteroidia,Cytophagales,Hymenobacteraceae,Pontibacter,5,0,0,0,0,0,0,0,0,0,0,0,0,0,0,0,0,0,0,0,0
Bacteria,Bacteroidota,Bacteroidia,Cytophagales,Spirosomaceae,Dyadobacter,0,0,0,0,0,0,0,0,0,0,0,0,9,0,0,0,0,0,0,0,0
Bacteria,Bacteroidota,Bacteroidia,Flavobacteriales,Flavobacteriaceae,Capnocytophaga,61,11,0,0,0,0,0,0,0,0,4,0,0,0,0,0,0,0,0,0,0
Bacteria,Bacteroidota,Bacteroidia,Flavobacteriales,Flavobacteriaceae,Flavobacterium,0,9,0,0,0,0,0,0,0,0,0,0,0,0,11,0,6,0,0,0,0
Bacteria,Bacteroidota,Bacteroidia,Flavobacteriales,Weeksellaceae,Chryseobacterium,0,0,0,0,0,11,0,0,0,19,0,0,0,0,0,0,0,0,17,0,0
Bacteria,Bacteroidota,Bacteroidia,Flavobacteriales,Weeksellaceae,Cloacibacterium,0,0,0,0,0,0,0,0,0,0,0,0,0,0,0,0,0,0,0,4,23
Bacteria,Bacteroidota,Bacteroidia,Flavobacteriales,Weeksellaceae,Empedobacter,3,0,0,0,0,0,0,0,0,0,0,8,0,0,0,0,0,0,0,0,0
Bacteria,Bacteroidota,Bacteroidia,Flavobacteriales,Weeksellaceae,NA,0,0,0,0,0,0,0,0,0,0,0,0,0,0,0,0,0,0,24,25,0
Bacteria,Bacteroidota,Bacteroidia,Sphingobacteriales,Sphingobacteriaceae,Arcticibacter,0,0,0,0,0,0,0,0,0,0,4,0,0,0,0,0,0,0,0,0,0
Bacteria,Bacteroidota,Bacteroidia,Sphingobacteriales,Sphingobacteriaceae,Mucilaginibacter,0,0,0,0,0,0,0,0,0,0,0,0,0,0,0,6,0,0,0,0,0
Bacteria,Bacteroidota,Bacteroidia,Sphingobacteriales,Sphingobacteriaceae,Pedobacter,0,0,0,0,0,0,0,0,0,8,0,0,13,0,0,0,0,0,0,0,0
Bacteria,Bacteroidota,Bacteroidia,Sphingobacteriales,Sphingobacteriaceae,NA,0,0,118,0,0,0,0,0,0,0,0,0,0,0,0,0,0,0,0,0,0
Bacteria,Bacteroidota,Bacteroidia,NA,NA,NA,0,0,0,0,0,0,0,0,0,0,0,0,4,12,13,0,0,0,9,19,50
Bacteria,Campylobacterota,Campylobacteria,Campylobacterales,Campylobacteraceae,Campylobacter,6,4,0,0,0,0,0,0,0,0,0,0,19,0,44,0,0,33,32,98,9
Bacteria,Chloroflexi,Anaerolineae,Ardenticatenales,Ardenticatenaceae,NA,0,0,0,0,0,0,0,0,0,0,4,0,0,0,0,0,0,38,0,0,0
Bacteria,Chloroflexi,Chloroflexia,Kallotenuales,AKIW781,NA,3,0,0,0,0,0,0,0,0,26,0,0,0,0,0,0,0,0,0,0,0
Bacteria,Chloroflexi,Chloroflexia,Thermomicrobiales,JG30-KF-CM45,NA,8,0,5,0,0,0,6,0,0,12,0,0,0,0,0,0,0,0,0,0,0
Bacteria,Chloroflexi,Gitt-GS-136,NA,NA,NA,0,0,6,0,0,0,0,0,0,0,0,0,0,0,0,0,0,0,0,0,0
Bacteria,Chloroflexi,KD4-96,NA,NA,NA,0,0,12,0,0,0,0,0,0,0,3,0,0,0,0,0,0,0,0,0,0
Bacteria,Cyanobacteria,Cyanobacteriia,Chloroplast,NA,NA,66,14,149,2,0,108,14,13,0,29,18,12,158,69,0,51,383,81,0,161,68
Bacteria,Cyanobacteria,Cyanobacteriia,Cyanobacteriales,Chroococcidiopsaceae,Crinalium SAG 22.89,0,0,0,0,0,9,0,0,0,0,0,0,0,0,0,0,0,0,0,0,0
Bacteria,Cyanobacteria,Cyanobacteriia,Cyanobacteriales,Chroococcidiopsaceae,NA,0,0,0,0,0,0,0,0,0,13,0,0,0,0,0,0,0,0,0,0,0
Bacteria,Cyanobacteria,Cyanobacteriia,Cyanobacteriales,NA,NA,0,0,0,0,0,0,0,0,0,0,4,0,0,0,0,0,0,0,0,0,0
Bacteria,Cyanobacteria,Cyanobacteriia,Leptolyngbyales,Leptolyngbyaceae,Leptolyngbya PCC-6306,0,11,0,0,0,0,0,0,0,0,0,0,0,0,0,0,0,0,0,0,0
Bacteria,Cyanobacteria,Vampirivibrionia,Gastranaerophilales,NA,NA,0,0,0,0,0,0,0,0,0,0,0,0,49,11,33,0,0,13,36,94,0
Bacteria,Deinococcota,Deinococci,Deinococcales,Deinococcaceae,Deinococcus,6,0,0,0,0,0,0,0,0,0,4,0,19,12,0,0,0,0,0,0,0
Bacteria,Deinococcota,Deinococci,Deinococcales,Trueperaceae,Truepera,0,0,0,0,0,0,0,0,0,0,0,38,0,0,0,0,0,0,0,0,0
Bacteria,Dependentiae,Babeliae,Babeliales,Vermiphilaceae,NA,0,0,0,0,0,10,0,0,0,0,0,0,0,0,0,0,0,0,0,0,0
Bacteria,Desulfobacterota,Desulfovibrionia,Desulfovibrionales,Desulfovibrionaceae,Bilophila,0,0,0,0,0,0,0,0,0,0,0,0,23,0,26,0,177,0,0,64,0
Bacteria,Desulfobacterota,Desulfovibrionia,Desulfovibrionales,Desulfovibrionaceae,Desulfovibrio,0,0,0,0,0,0,0,0,0,0,0,0,36,0,40,0,0,0,25,60,25
Bacteria,Firmicutes,Bacilli,Acholeplasmatales,Acholeplasmataceae,Anaeroplasma,0,0,0,0,0,0,0,0,0,0,0,0,46,25,59,0,0,102,10,143,62
Bacteria,Firmicutes,Bacilli,Acholeplasmatales,Acholeplasmataceae,NA,0,0,0,0,0,2,0,0,0,0,0,0,0,0,0,0,0,0,0,0,0
Bacteria,Firmicutes,Bacilli,Alicyclobacillales,Alicyclobacillaceae,Tumebacillus,0,0,0,0,0,0,0,0,0,0,0,0,0,0,0,0,0,9,0,0,0
Bacteria,Firmicutes,Bacilli,Bacillales,Bacillaceae,Anaerobacillus,37,85,160,84,43,38,64,64,220,108,38,40,0,210,100,45,1050,312,98,0,511
Bacteria,Firmicutes,Bacilli,Bacillales,Bacillaceae,Bacillus,11,55,21,0,0,14,36,23,94,74,0,47,28,162,0,55,535,243,162,42,378
Bacteria,Firmicutes,Bacilli,Bacillales,Bacillaceae,Geobacillus,0,4,0,0,0,0,0,0,0,0,15,0,24,0,0,0,0,25,0,0,0
Bacteria,Firmicutes,Bacilli,Bacillales,Bacillaceae,NA,4,0,5,0,0,0,13,0,21,0,0,0,0,0,0,0,13,0,0,0,0
Bacteria,Firmicutes,Bacilli,Bacillales,Planococcaceae,Sporosarcina,0,0,0,0,0,0,0,0,24,0,0,0,0,0,0,0,0,0,0,0,0
Bacteria,Firmicutes,Bacilli,Bacillales,Salisediminibacteriaceae,Salipaludibacillus,0,0,0,0,0,0,0,0,0,0,0,0,0,0,0,0,0,13,0,0,0
Bacteria,Firmicutes,Bacilli,Bacillales,Sporolactobacillaceae,NA,0,0,0,0,0,0,0,0,7,0,0,0,11,0,0,0,0,0,0,0,0
Bacteria,Firmicutes,Bacilli,Bacillales,NA,NA,0,0,0,0,0,0,0,0,0,0,0,0,0,34,0,0,0,0,0,0,0
Bacteria,Firmicutes,Bacilli,Erysipelotrichales,Erysipelatoclostridiaceae,Asteroleplasma,0,0,0,0,0,0,0,0,0,0,0,0,32,0,39,0,0,39,17,39,0
Bacteria,Firmicutes,Bacilli,Erysipelotrichales,Erysipelatoclostridiaceae,Catenibacterium,0,0,0,0,0,0,0,0,0,4,0,0,13,66,21,0,0,17,16,80,50
Bacteria,Firmicutes,Bacilli,Erysipelotrichales,Erysipelatoclostridiaceae,Coprobacillus,0,0,0,0,0,0,0,0,0,0,0,0,0,0,0,0,0,0,0,26,0
Bacteria,Firmicutes,Bacilli,Erysipelotrichales,Erysipelatoclostridiaceae,Erysipelatoclostridium,0,0,0,0,0,0,0,0,0,0,0,0,89,16,38,7,160,36,58,262,0
Bacteria,Firmicutes,Bacilli,Erysipelotrichales,Erysipelatoclostridiaceae,Erysipelotrichaceae UCG-003,0,0,0,0,0,0,0,0,0,0,0,0,18,20,21,0,0,40,58,136,0
Bacteria,Firmicutes,Bacilli,Erysipelotrichales,Erysipelatoclostridiaceae,NA,0,0,0,0,0,0,0,0,0,0,0,0,0,0,31,0,0,0,0,30,0
Bacteria,Firmicutes,Bacilli,Erysipelotrichales,Erysipelotrichaceae,Dielma,0,0,0,0,0,0,0,0,0,0,0,0,0,0,0,0,0,0,19,19,0
Bacteria,Firmicutes,Bacilli,Erysipelotrichales,Erysipelotrichaceae,Faecalitalea,0,0,0,0,0,0,0,0,0,0,0,0,57,0,0,16,0,29,35,20,41
Bacteria,Firmicutes,Bacilli,Erysipelotrichales,Erysipelotrichaceae,Holdemanella,0,0,0,0,0,0,0,0,0,0,0,0,5,0,60,9,0,55,70,146,83
Bacteria,Firmicutes,Bacilli,Erysipelotrichales,Erysipelotrichaceae,Holdemania,0,0,0,0,0,0,0,0,0,0,0,0,0,0,0,13,0,27,0,70,0
Bacteria,Firmicutes,Bacilli,Erysipelotrichales,Erysipelotrichaceae,Turicibacter,0,39,0,0,0,0,0,0,0,0,0,0,0,0,21,0,0,0,19,36,0
Bacteria,Firmicutes,Bacilli,Erysipelotrichales,Erysipelotrichaceae,[Clostridium] innocuum group,0,0,0,0,0,0,0,0,0,0,0,0,68,50,16,19,88,188,90,476,48
Bacteria,Firmicutes,Bacilli,Erysipelotrichales,Erysipelotrichaceae,NA,0,0,0,0,0,0,0,0,0,5,0,0,0,0,0,0,0,68,0,9,0
Bacteria,Firmicutes,Bacilli,Erysipelotrichales,NA,NA,0,0,0,0,0,0,0,0,0,0,0,0,13,0,0,0,0,0,0,28,0
Bacteria,Firmicutes,Bacilli,Izemoplasmatales,NA,NA,0,0,0,0,0,0,0,0,0,0,0,0,7,0,0,0,0,0,0,0,0
Bacteria,Firmicutes,Bacilli,Lactobacillales,Aerococcaceae,Abiotrophia,307,0,14,0,9,0,0,0,0,0,0,0,0,0,0,0,64,0,0,0,0
Bacteria,Firmicutes,Bacilli,Lactobacillales,Aerococcaceae,Aerococcus,0,0,9,0,0,0,0,0,0,0,0,0,0,0,0,0,0,0,0,0,0
Bacteria,Firmicutes,Bacilli,Lactobacillales,Aerococcaceae,Facklamia,0,25,0,0,0,0,0,0,0,0,0,0,0,0,0,0,0,0,0,0,0
Bacteria,Firmicutes,Bacilli,Lactobacillales,Carnobacteriaceae,Alloiococcus,0,0,0,0,0,0,0,0,0,0,0,0,0,0,0,0,0,0,0,0,70
Bacteria,Firmicutes,Bacilli,Lactobacillales,Carnobacteriaceae,Atopostipes,4,0,12,4,0,0,0,0,0,0,0,0,7,0,0,0,0,0,0,0,0
Bacteria,Firmicutes,Bacilli,Lactobacillales,Carnobacteriaceae,Granulicatella,30,0,0,0,0,0,14,0,0,0,0,0,0,0,0,0,0,0,0,0,0
Bacteria,Firmicutes,Bacilli,Lactobacillales,Enterococcaceae,Enterococcus,0,0,0,0,0,0,0,0,0,0,0,0,793,232,580,213,777,817,977,2298,527
Bacteria,Firmicutes,Bacilli,Lactobacillales,Lactobacillaceae,HT002,0,0,0,0,0,0,0,0,0,0,0,0,0,0,0,0,62,0,0,0,0
Bacteria,Firmicutes,Bacilli,Lactobacillales,Lactobacillaceae,Lacticaseibacillus,0,0,0,0,0,0,0,0,0,0,0,0,0,0,12,0,0,0,0,28,72
Bacteria,Firmicutes,Bacilli,Lactobacillales,Lactobacillaceae,Lactobacillus,2,19,183,38,13,21,0,0,7,7,0,0,42,0,62,37,102,38,91,158,125
Bacteria,Firmicutes,Bacilli,Lactobacillales,Lactobacillaceae,Leuconostoc,0,0,0,0,0,0,0,0,0,0,0,0,47,14,0,29,0,29,62,128,142
Bacteria,Firmicutes,Bacilli,Lactobacillales,Lactobacillaceae,Ligilactobacillus,0,0,19,0,0,0,0,0,0,0,0,0,14,0,0,0,0,0,33,47,0
Bacteria,Firmicutes,Bacilli,Lactobacillales,Lactobacillaceae,Limosilactobacillus,0,0,0,0,0,0,0,0,0,0,0,0,0,0,0,0,60,20,34,40,68
Bacteria,Firmicutes,Bacilli,Lactobacillales,Lactobacillaceae,Weissella,0,0,0,0,0,0,0,0,0,0,0,0,0,0,0,0,0,0,0,10,0
Bacteria,Firmicutes,Bacilli,Lactobacillales,Lactobacillaceae,NA,0,3,0,0,0,0,0,0,0,0,0,0,0,12,0,15,0,0,0,0,0
Bacteria,Firmicutes,Bacilli,Lactobacillales,Streptococcaceae,Lactococcus,0,0,0,0,0,0,0,0,0,0,0,0,56,80,24,0,68,55,56,152,0
Bacteria,Firmicutes,Bacilli,Lactobacillales,Streptococcaceae,Streptococcus,771,87,71,11,42,29,23,12,0,49,70,11,649,206,505,154,867,571,894,1924,1187
Bacteria,Firmicutes,Bacilli,Lactobacillales,NA,NA,0,0,0,0,0,0,0,0,0,0,0,0,12,0,0,8,19,4,38,13,56
Bacteria,Firmicutes,Bacilli,Paenibacillales,Paenibacillaceae,Paenibacillus,0,0,0,0,0,0,0,0,0,0,0,0,0,0,0,0,38,0,0,0,0
Bacteria,Firmicutes,Bacilli,Paenibacillales,Paenibacillaceae,NA,0,0,0,0,0,0,0,0,0,0,0,0,0,0,0,0,54,0,0,0,0
Bacteria,Firmicutes,Bacilli,RF39,NA,NA,0,0,0,0,0,0,0,0,0,0,0,0,0,0,0,0,0,0,0,7,0
Bacteria,Firmicutes,Bacilli,Staphylococcales,Gemellaceae,Gemella,213,0,0,0,0,0,0,0,0,0,6,0,0,0,0,0,103,0,45,0,66
Bacteria,Firmicutes,Bacilli,Staphylococcales,Staphylococcaceae,Auricoccus-Abyssicoccus,0,0,0,0,0,0,0,0,0,0,0,0,0,0,0,0,0,0,4,0,0
Bacteria,Firmicutes,Bacilli,Staphylococcales,Staphylococcaceae,Jeotgalicoccus,0,10,0,0,0,0,0,0,0,53,0,0,0,0,0,0,0,0,0,0,0
Bacteria,Firmicutes,Bacilli,Staphylococcales,Staphylococcaceae,Nosocomiicoccus,0,0,6,0,0,0,0,0,0,0,0,0,0,0,0,0,0,0,0,0,0
Bacteria,Firmicutes,Bacilli,Staphylococcales,Staphylococcaceae,Salinicoccus,0,0,0,0,0,4,0,0,0,0,0,0,0,0,0,0,0,13,0,0,0
Bacteria,Firmicutes,Bacilli,Staphylococcales,Staphylococcaceae,Staphylococcus,137,24,75,38,68,66,61,19,25,61,35,57,165,21,110,0,724,121,229,351,180
Bacteria,Firmicutes,Bacilli,NA,NA,NA,0,0,0,0,0,0,0,0,0,0,0,0,4,0,0,4,0,42,5,13,0
Bacteria,Firmicutes,Clostridia,Christensenellales,Christensenellaceae,Christensenellaceae R-7 group,0,0,0,0,0,3,0,0,0,0,0,0,17,0,5,0,0,38,7,30,0
Bacteria,Firmicutes,Clostridia,Christensenellales,Christensenellaceae,NA,0,0,0,0,0,0,0,0,0,0,0,0,0,0,0,0,0,16,0,4,0
Bacteria,Firmicutes,Clostridia,Clostridia UCG-014,NA,NA,4,0,0,0,0,4,0,0,0,0,9,0,43,0,18,0,75,0,7,87,0
Bacteria,Firmicutes,Clostridia,Clostridia vadinBB60 group,NA,NA,0,0,0,0,0,0,0,0,0,0,0,0,65,12,40,4,0,116,110,291,0
Bacteria,Firmicutes,Clostridia,Clostridiales,Clostridiaceae,Clostridium sensu stricto 1,45,16,44,4,0,0,0,0,0,15,26,14,53,117,161,17,203,324,234,651,126
Bacteria,Firmicutes,Clostridia,Clostridiales,Clostridiaceae,Clostridium sensu stricto 13,0,0,0,0,0,0,0,0,0,0,0,0,0,0,30,0,0,21,32,31,0
Bacteria,Firmicutes,Clostridia,Clostridiales,Clostridiaceae,Clostridium sensu stricto 2,0,0,0,0,0,0,0,0,0,0,0,0,0,45,0,0,0,19,0,77,0
Bacteria,Firmicutes,Clostridia,Clostridiales,Clostridiaceae,Clostridium sensu stricto 6,0,0,0,0,0,0,0,0,0,0,5,0,0,0,0,0,0,0,0,0,0
Bacteria,Firmicutes,Clostridia,Clostridiales,Clostridiaceae,Proteiniclasticum,7,0,0,0,0,0,0,0,0,0,0,0,0,0,0,0,0,0,0,0,0
Bacteria,Firmicutes,Clostridia,Clostridiales,Clostridiaceae,Sarcina,0,0,0,0,0,0,0,0,0,0,0,0,0,0,0,0,0,0,0,0,85
Bacteria,Firmicutes,Clostridia,Clostridiales,Clostridiaceae,NA,0,0,0,0,0,0,0,0,0,0,0,0,8,0,15,11,0,0,0,45,0
Bacteria,Firmicutes,Clostridia,Lachnospirales,Lachnospiraceae,Agathobacter,8,0,0,0,0,0,0,0,0,0,0,0,0,0,0,0,0,0,0,0,0
Bacteria,Firmicutes,Clostridia,Lachnospirales,Lachnospiraceae,Anaerostignum,0,0,0,0,0,0,0,0,0,0,0,0,0,0,0,9,0,0,0,0,0
Bacteria,Firmicutes,Clostridia,Lachnospirales,Lachnospiraceae,Anaerostipes,0,0,0,0,0,0,0,0,0,0,0,0,33,21,31,15,0,0,42,115,0
Bacteria,Firmicutes,Clostridia,Lachnospirales,Lachnospiraceae,Blautia,0,0,5,0,0,0,0,0,0,0,0,0,82,59,50,0,100,114,104,289,68
Bacteria,Firmicutes,Clostridia,Lachnospirales,Lachnospiraceae,Cellulosilyticum,0,5,0,0,0,0,0,0,0,0,0,0,40,29,90,18,0,59,95,196,30
Bacteria,Firmicutes,Clostridia,Lachnospirales,Lachnospiraceae,Coprococcus,0,0,0,0,0,0,0,0,0,0,0,0,44,48,9,0,0,54,73,128,0
Bacteria,Firmicutes,Clostridia,Lachnospirales,Lachnospiraceae,Dorea,0,0,0,0,0,0,0,0,0,0,0,0,13,0,25,0,0,19,30,33,33
Bacteria,Firmicutes,Clostridia,Lachnospirales,Lachnospiraceae,Eisenbergiella,0,0,0,0,0,0,0,0,0,0,0,0,0,0,0,0,0,0,16,0,24
Bacteria,Firmicutes,Clostridia,Lachnospirales,Lachnospiraceae,Epulopiscium,0,0,0,0,0,0,0,0,0,0,0,0,23,0,27,13,0,0,0,40,0
Bacteria,Firmicutes,Clostridia,Lachnospirales,Lachnospiraceae,Fusicatenibacter,0,0,0,0,0,0,0,0,0,0,0,0,0,0,0,14,0,0,5,86,0
Bacteria,Firmicutes,Clostridia,Lachnospirales,Lachnospiraceae,GCA-900066575,0,0,0,0,0,0,0,0,0,0,0,0,0,20,0,0,0,0,0,0,0
Bacteria,Firmicutes,Clostridia,Lachnospirales,Lachnospiraceae,Hungatella,0,0,0,0,0,0,0,0,0,0,0,0,60,0,63,0,0,50,93,121,0
Bacteria,Firmicutes,Clostridia,Lachnospirales,Lachnospiraceae,Lachnoclostridium,0,0,0,0,0,0,0,0,0,0,0,0,163,77,50,0,145,148,13,182,48
Bacteria,Firmicutes,Clostridia,Lachnospirales,Lachnospiraceae,Lachnospira,0,0,0,0,0,0,0,0,0,0,0,0,89,0,69,11,68,0,80,190,0
Bacteria,Firmicutes,Clostridia,Lachnospirales,Lachnospiraceae,Lachnospiraceae NC2004 group,0,0,0,0,0,0,0,0,0,0,0,0,0,0,0,0,0,0,20,0,0
Bacteria,Firmicutes,Clostridia,Lachnospirales,Lachnospiraceae,Lachnospiraceae ND3007 group,0,0,0,0,0,0,0,0,0,0,0,0,25,22,0,0,0,22,41,63,0
Bacteria,Firmicutes,Clostridia,Lachnospirales,Lachnospiraceae,Lachnospiraceae NK4A136 group,0,0,0,0,0,0,0,0,0,0,0,0,0,0,0,27,105,36,45,139,0
Bacteria,Firmicutes,Clostridia,Lachnospirales,Lachnospiraceae,Lachnospiraceae NK4B4 group,0,0,0,0,0,0,0,0,0,0,0,0,6,0,0,0,0,0,0,0,0
Bacteria,Firmicutes,Clostridia,Lachnospirales,Lachnospiraceae,Lachnospiraceae UCG-001,0,0,0,0,0,0,0,0,0,0,0,0,0,0,0,0,0,0,19,0,0
Bacteria,Firmicutes,Clostridia,Lachnospirales,Lachnospiraceae,Lachnospiraceae UCG-003,0,0,0,0,0,0,0,0,0,0,0,0,0,0,0,0,0,0,0,34,0
Bacteria,Firmicutes,Clostridia,Lachnospirales,Lachnospiraceae,Lachnospiraceae UCG-004,0,0,0,0,0,0,0,0,0,0,0,0,30,0,0,0,0,46,0,65,0
Bacteria,Firmicutes,Clostridia,Lachnospirales,Lachnospiraceae,Lachnospiraceae UCG-007,0,23,0,0,0,0,0,0,0,0,0,0,42,0,39,0,0,71,63,131,29
Bacteria,Firmicutes,Clostridia,Lachnospirales,Lachnospiraceae,Oribacterium,0,0,0,0,0,0,0,0,0,0,0,0,0,0,0,0,0,0,8,24,5
Bacteria,Firmicutes,Clostridia,Lachnospirales,Lachnospiraceae,Robinsoniella,0,0,0,0,0,0,0,0,0,0,0,0,74,0,69,0,0,0,63,122,67
Bacteria,Firmicutes,Clostridia,Lachnospirales,Lachnospiraceae,Roseburia,0,0,0,0,0,0,0,0,0,0,0,0,106,38,124,0,260,115,35,258,24
Bacteria,Firmicutes,Clostridia,Lachnospirales,Lachnospiraceae,Sellimonas,0,0,12,0,0,0,0,0,0,0,0,0,0,0,0,0,0,0,0,28,0
Bacteria,Firmicutes,Clostridia,Lachnospirales,Lachnospiraceae,Stomatobaculum,0,0,0,0,0,0,0,0,0,0,0,0,0,0,0,0,25,0,0,0,0
Bacteria,Firmicutes,Clostridia,Lachnospirales,Lachnospiraceae,Tuzzerella,0,0,0,0,0,0,0,0,0,0,0,0,8,27,0,0,0,0,0,40,0
Bacteria,Firmicutes,Clostridia,Lachnospirales,Lachnospiraceae,Tyzzerella,0,0,0,0,0,0,0,0,0,0,0,0,0,0,9,0,0,0,0,0,0
Bacteria,Firmicutes,Clostridia,Lachnospirales,Lachnospiraceae,UC5-1-2E3,0,0,0,0,0,0,0,0,0,0,0,0,0,0,0,0,0,0,0,28,0
Bacteria,Firmicutes,Clostridia,Lachnospirales,Lachnospiraceae,[Eubacterium] eligens group,0,0,0,0,0,0,0,0,0,0,0,0,56,19,33,18,130,33,95,104,94
Bacteria,Firmicutes,Clostridia,Lachnospirales,Lachnospiraceae,[Eubacterium] hallii group,2,0,0,0,8,0,0,0,0,0,0,0,0,0,14,0,0,0,53,91,0
Bacteria,Firmicutes,Clostridia,Lachnospirales,Lachnospiraceae,[Eubacterium] oxidoreducens group,0,0,0,0,0,0,0,0,0,0,0,0,0,0,0,0,0,0,0,12,0
Bacteria,Firmicutes,Clostridia,Lachnospirales,Lachnospiraceae,[Eubacterium] ruminantium group,0,0,0,0,0,0,0,0,0,0,0,0,0,0,0,0,0,11,0,0,0
Bacteria,Firmicutes,Clostridia,Lachnospirales,Lachnospiraceae,[Eubacterium] xylanophilum group,0,0,0,0,0,0,0,0,0,0,0,0,16,0,18,0,0,0,0,0,0
Bacteria,Firmicutes,Clostridia,Lachnospirales,Lachnospiraceae,[Ruminococcus] gauvreauii group,0,0,0,0,0,0,0,0,0,0,0,0,0,0,0,0,98,0,0,0,0
Bacteria,Firmicutes,Clostridia,Lachnospirales,Lachnospiraceae,[Ruminococcus] gnavus group,0,0,0,0,0,0,0,0,0,0,0,0,7,0,70,37,35,112,5,180,38
Bacteria,Firmicutes,Clostridia,Lachnospirales,Lachnospiraceae,[Ruminococcus] torques group,0,0,0,0,0,0,0,0,0,0,0,0,15,0,66,0,98,37,33,50,0
Bacteria,Firmicutes,Clostridia,Lachnospirales,Lachnospiraceae,NA,0,4,7,0,0,0,0,2,0,0,0,0,352,196,454,98,529,838,1265,1891,668
Bacteria,Firmicutes,Clostridia,Monoglobales,Monoglobaceae,Monoglobus,0,0,0,0,0,0,0,0,0,0,0,0,0,0,0,0,72,34,0,45,0
Bacteria,Firmicutes,Clostridia,Oscillospirales,Butyricicoccaceae,Butyricicoccus,0,0,0,3,0,0,0,0,0,0,0,0,16,0,4,0,0,121,43,29,0
Bacteria,Firmicutes,Clostridia,Oscillospirales,Butyricicoccaceae,UCG-009,0,0,0,0,0,0,0,0,0,0,0,0,0,0,0,0,0,19,0,0,0
Bacteria,Firmicutes,Clostridia,Oscillospirales,Hungateiclostridiaceae,NA,0,0,0,0,0,0,0,0,0,0,0,0,0,0,0,0,0,0,0,21,0
Bacteria,Firmicutes,Clostridia,Oscillospirales,Oscillospiraceae,Colidextribacter,0,0,0,0,0,0,0,0,0,0,0,0,34,0,0,0,0,0,0,22,33
Bacteria,Firmicutes,Clostridia,Oscillospirales,Oscillospiraceae,Flavonifractor,0,0,0,0,0,0,0,0,0,0,0,0,38,0,78,9,0,0,79,175,0
Bacteria,Firmicutes,Clostridia,Oscillospirales,Oscillospiraceae,Intestinimonas,0,0,0,0,0,0,0,0,0,0,0,0,0,0,0,0,0,23,16,26,0
Bacteria,Firmicutes,Clostridia,Oscillospirales,Oscillospiraceae,NK4A214 group,0,0,0,0,0,0,0,0,0,0,0,0,0,0,0,0,0,64,0,21,0
Bacteria,Firmicutes,Clostridia,Oscillospirales,Oscillospiraceae,Oscillibacter,0,0,0,0,0,0,0,0,0,0,0,0,105,20,82,10,181,145,10,210,43
Bacteria,Firmicutes,Clostridia,Oscillospirales,Oscillospiraceae,Oscillospira,0,0,0,0,0,0,0,0,0,0,0,0,22,0,9,0,0,0,17,41,0
Bacteria,Firmicutes,Clostridia,Oscillospirales,Oscillospiraceae,UCG-002,0,0,3,0,0,0,0,0,0,0,0,0,2,0,18,0,0,0,20,74,0
Bacteria,Firmicutes,Clostridia,Oscillospirales,Oscillospiraceae,UCG-003,0,0,0,0,0,0,0,0,0,0,0,0,16,27,26,0,0,29,28,0,0
Bacteria,Firmicutes,Clostridia,Oscillospirales,Oscillospiraceae,UCG-005,0,0,4,0,0,0,0,0,0,0,0,0,0,0,0,0,177,22,18,0,0
Bacteria,Firmicutes,Clostridia,Oscillospirales,Oscillospiraceae,UCG-007,0,0,0,0,0,0,0,0,0,0,0,0,0,0,0,0,0,0,10,0,0
Bacteria,Firmicutes,Clostridia,Oscillospirales,Oscillospiraceae,NA,0,0,0,0,0,0,0,0,0,0,0,0,82,56,75,3,69,126,78,139,154
Bacteria,Firmicutes,Clostridia,Oscillospirales,Ruminococcaceae,Anaerofilum,0,0,0,0,0,0,0,0,0,0,0,0,0,0,0,0,0,0,25,29,0
Bacteria,Firmicutes,Clostridia,Oscillospirales,Ruminococcaceae,Anaerotruncus,0,0,0,0,0,0,0,0,0,0,0,0,0,0,0,0,0,53,0,11,0
Bacteria,Firmicutes,Clostridia,Oscillospirales,Ruminococcaceae,CAG-352,0,0,0,0,0,0,0,0,0,0,0,0,12,0,0,0,0,0,0,0,0
Bacteria,Firmicutes,Clostridia,Oscillospirales,Ruminococcaceae,DTU089,0,0,0,0,0,0,0,0,0,0,0,0,9,0,0,0,0,0,53,30,0
Bacteria,Firmicutes,Clostridia,Oscillospirales,Ruminococcaceae,Faecalibacterium,0,0,0,0,0,0,0,0,0,0,0,0,191,50,161,59,266,236,213,421,167
Bacteria,Firmicutes,Clostridia,Oscillospirales,Ruminococcaceae,Fournierella,0,0,0,0,0,0,0,0,0,0,0,0,0,0,0,0,0,0,0,18,34
Bacteria,Firmicutes,Clostridia,Oscillospirales,Ruminococcaceae,Incertae Sedis,0,0,0,7,0,0,0,0,0,0,0,0,53,19,40,3,0,39,37,130,70
Bacteria,Firmicutes,Clostridia,Oscillospirales,Ruminococcaceae,Paludicola,0,0,0,0,0,0,0,0,0,0,0,0,0,0,0,0,0,0,0,11,0
Bacteria,Firmicutes,Clostridia,Oscillospirales,Ruminococcaceae,Pygmaiobacter,0,0,0,0,0,0,0,0,0,0,0,0,16,0,12,0,0,22,17,37,0
Bacteria,Firmicutes,Clostridia,Oscillospirales,Ruminococcaceae,Ruminococcus,0,7,0,0,0,0,0,0,0,0,0,0,77,0,36,15,127,18,34,160,60
Bacteria,Firmicutes,Clostridia,Oscillospirales,Ruminococcaceae,Subdoligranulum,0,0,0,0,0,0,0,0,0,0,0,0,51,0,39,22,0,130,119,270,159
Bacteria,Firmicutes,Clostridia,Oscillospirales,Ruminococcaceae,UBA1819,0,0,0,0,0,0,0,0,0,0,0,0,15,0,0,0,0,63,0,74,0
Bacteria,Firmicutes,Clostridia,Oscillospirales,Ruminococcaceae,[Eubacterium] siraeum group,0,0,0,0,0,0,0,0,0,0,0,0,43,23,0,17,0,65,19,105,108
Bacteria,Firmicutes,Clostridia,Oscillospirales,Ruminococcaceae,NA,0,0,0,0,0,0,0,0,0,0,0,3,68,76,93,5,164,108,137,387,0
Bacteria,Firmicutes,Clostridia,Oscillospirales,UCG-010,NA,0,0,0,0,0,0,0,0,0,0,0,0,0,0,0,0,0,0,3,25,0
Bacteria,Firmicutes,Clostridia,Oscillospirales,[Eubacterium] coprostanoligenes group,NA,0,0,0,0,0,0,0,0,0,0,0,0,29,43,30,6,0,46,42,143,0
Bacteria,Firmicutes,Clostridia,Oscillospirales,NA,NA,0,0,0,0,0,0,0,0,12,0,0,0,80,0,52,2,57,103,66,80,78
Bacteria,Firmicutes,Clostridia,Peptococcales,Peptococcaceae,Peptococcus,0,0,0,0,0,0,0,0,0,0,0,0,6,0,0,0,0,0,0,0,0
Bacteria,Firmicutes,Clostridia,Peptococcales,Peptococcaceae,NA,0,0,0,0,0,0,0,0,0,0,0,0,16,0,0,0,0,0,0,0,0
Bacteria,Firmicutes,Clostridia,Peptostreptococcales-Tissierellales,Anaerovoracaceae,Family XIII UCG-001,0,0,0,0,0,0,0,0,0,0,0,0,0,0,0,0,0,27,0,5,0
Bacteria,Firmicutes,Clostridia,Peptostreptococcales-Tissierellales,Family XI,Anaerococcus,7,0,33,0,0,0,7,0,0,0,0,0,9,0,0,0,118,0,0,13,21
Bacteria,Firmicutes,Clostridia,Peptostreptococcales-Tissierellales,Family XI,Finegoldia,0,0,0,0,2,0,0,0,0,0,0,0,0,0,0,0,0,0,0,0,37
Bacteria,Firmicutes,Clostridia,Peptostreptococcales-Tissierellales,Family XI,Parvimonas,0,0,0,0,0,0,0,0,0,0,0,0,0,0,10,0,0,0,0,7,0
Bacteria,Firmicutes,Clostridia,Peptostreptococcales-Tissierellales,Family XI,Peptoniphilus,0,0,13,0,0,0,0,0,0,0,0,0,0,0,0,0,0,0,0,0,0
Bacteria,Firmicutes,Clostridia,Peptostreptococcales-Tissierellales,Family XI,NA,0,0,0,0,0,0,0,0,0,5,0,0,0,0,0,0,0,0,0,0,0
Bacteria,Firmicutes,Clostridia,Peptostreptococcales-Tissierellales,Peptostreptococcaceae,Acetoanaerobium,0,0,6,0,0,0,0,0,0,0,0,0,0,0,0,0,0,0,0,0,0
Bacteria,Firmicutes,Clostridia,Peptostreptococcales-Tissierellales,Peptostreptococcaceae,Clostridioides,0,0,0,0,0,0,0,0,0,0,0,0,0,0,0,0,0,0,0,90,36
Bacteria,Firmicutes,Clostridia,Peptostreptococcales-Tissierellales,Peptostreptococcaceae,Intestinibacter,0,0,0,0,0,0,0,0,0,0,0,0,75,36,11,0,101,133,52,162,0
Bacteria,Firmicutes,Clostridia,Peptostreptococcales-Tissierellales,Peptostreptococcaceae,Paraclostridium,0,0,0,0,0,0,0,0,0,0,0,0,0,0,29,0,102,0,0,66,0
Bacteria,Firmicutes,Clostridia,Peptostreptococcales-Tissierellales,Peptostreptococcaceae,Romboutsia,0,0,0,0,0,0,0,0,0,0,0,0,54,23,0,0,0,18,17,49,75
Bacteria,Firmicutes,Clostridia,Peptostreptococcales-Tissierellales,Peptostreptococcaceae,Terrisporobacter,25,26,0,0,0,0,0,0,0,7,0,0,70,47,40,0,72,95,0,245,94
Bacteria,Firmicutes,Clostridia,Peptostreptococcales-Tissierellales,Peptostreptococcaceae,NA,0,0,0,0,0,0,0,0,0,0,0,0,21,15,10,0,0,10,33,48,0
Bacteria,Firmicutes,Clostridia,NA,NA,NA,0,0,5,0,0,0,0,0,0,0,0,0,124,22,219,41,191,175,161,245,192
Bacteria,Firmicutes,Negativicutes,Acidaminococcales,Acidaminococcaceae,Acidaminococcus,0,0,0,0,0,0,0,0,0,0,0,0,0,0,0,0,0,0,0,36,0
Bacteria,Firmicutes,Negativicutes,Acidaminococcales,Acidaminococcaceae,Phascolarctobacterium,0,17,13,0,0,0,0,0,0,0,0,11,14,8,38,8,0,18,58,263,0
Bacteria,Firmicutes,Negativicutes,Acidaminococcales,Acidaminococcaceae,Succiniclasticum,0,0,0,0,0,0,0,0,0,0,0,0,0,0,0,0,67,0,0,0,0
Bacteria,Firmicutes,Negativicutes,Veillonellales-Selenomonadales,Selenomonadaceae,Megamonas,0,0,0,0,0,0,0,0,0,0,0,0,37,0,14,0,0,55,29,62,0
Bacteria,Firmicutes,Negativicutes,Veillonellales-Selenomonadales,Selenomonadaceae,Selenomonas,0,0,0,0,0,0,0,0,0,0,0,0,0,0,0,0,0,0,0,10,0
Bacteria,Firmicutes,Negativicutes,Veillonellales-Selenomonadales,Sporomusaceae,Anaerosporomusa,0,0,0,0,0,0,0,0,0,0,0,0,0,0,0,0,0,0,0,7,0
Bacteria,Firmicutes,Negativicutes,Veillonellales-Selenomonadales,Veillonellaceae,Anaeroglobus,0,0,0,0,0,0,0,0,0,0,0,0,9,0,0,0,0,0,20,0,0
Bacteria,Firmicutes,Negativicutes,Veillonellales-Selenomonadales,Veillonellaceae,Dialister,14,0,0,0,0,0,0,0,0,0,0,0,12,0,52,0,0,24,5,104,22
Bacteria,Firmicutes,Negativicutes,Veillonellales-Selenomonadales,Veillonellaceae,Megasphaera,0,0,0,0,0,0,0,0,0,0,0,0,18,0,36,4,0,32,0,64,0
Bacteria,Firmicutes,Negativicutes,Veillonellales-Selenomonadales,Veillonellaceae,Veillonella,84,0,0,0,0,10,0,0,0,0,5,0,155,12,106,4,245,219,37,288,23
Bacteria,Firmicutes,Negativicutes,Veillonellales-Selenomonadales,Veillonellaceae,NA,0,0,0,0,0,0,0,0,0,0,0,0,0,0,0,0,0,0,0,10,0
Bacteria,Firmicutes,Negativicutes,Veillonellales-Selenomonadales,NA,NA,0,0,0,0,0,0,0,0,0,0,0,0,0,0,12,0,0,0,49,55,0
Bacteria,Firmicutes,Negativicutes,NA,NA,NA,0,0,0,0,0,0,0,0,0,0,0,0,0,0,0,0,0,0,0,18,0
Bacteria,Firmicutes,NA,NA,NA,NA,0,0,0,0,0,0,0,0,0,0,0,7,83,75,90,41,127,133,116,266,75
Bacteria,Fusobacteriota,Fusobacteriia,Fusobacteriales,Fusobacteriaceae,Fusobacterium,0,0,0,0,0,10,0,0,0,0,0,0,22,30,18,9,138,54,28,167,48
Bacteria,Fusobacteriota,Fusobacteriia,Fusobacteriales,Leptotrichiaceae,Leptotrichia,0,13,0,0,0,0,0,0,0,0,0,0,0,0,0,0,13,0,0,0,0
Bacteria,Fusobacteriota,Fusobacteriia,Fusobacteriales,NA,NA,0,0,0,0,0,0,0,0,0,0,0,0,15,0,0,0,0,0,0,0,0
Bacteria,Gemmatimonadota,Gemmatimonadetes,Gemmatimonadales,Gemmatimonadaceae,NA,0,16,0,0,0,0,0,0,0,6,0,0,0,0,0,0,0,0,0,0,0
Bacteria,Gemmatimonadota,Longimicrobia,Longimicrobiales,Longimicrobiaceae,NA,0,0,0,0,0,0,0,0,0,0,0,0,5,0,0,0,0,0,0,0,0
Bacteria,Myxococcota,Myxococcia,Myxococcales,Myxococcaceae,P3OB-42,0,0,0,0,0,24,0,0,0,0,0,0,0,0,0,0,0,0,0,0,0
Bacteria,Myxococcota,Polyangia,Polyangiales,Polyangiaceae,Pajaroellobacter,0,0,0,0,0,0,0,0,0,0,0,0,0,0,0,0,0,0,2,0,0
Bacteria,Myxococcota,Polyangia,NA,NA,NA,0,0,0,0,0,2,0,0,0,0,0,0,0,0,0,0,0,0,0,0,0
Bacteria,Patescibacteria,Gracilibacteria,Absconditabacteriales (SR1),NA,NA,0,0,3,0,0,0,0,0,0,0,0,0,0,0,0,0,0,0,0,3,0
Bacteria,Patescibacteria,Saccharimonadia,Saccharimonadales,LWQ8,NA,0,0,0,0,0,0,0,0,0,0,0,0,9,0,0,0,0,0,0,0,0
Bacteria,Patescibacteria,Saccharimonadia,Saccharimonadales,Saccharimonadaceae,TM7a,0,0,0,0,0,0,0,6,0,0,0,0,0,0,0,0,0,0,0,0,0
Bacteria,Patescibacteria,Saccharimonadia,Saccharimonadales,Saccharimonadaceae,NA,0,0,0,0,0,0,0,0,0,0,0,0,0,0,0,0,0,9,0,0,0
Bacteria,Patescibacteria,Saccharimonadia,Saccharimonadales,NA,NA,75,0,0,0,0,2,0,0,0,0,0,3,0,0,0,0,0,0,0,0,0
Bacteria,Planctomycetota,Phycisphaerae,Tepidisphaerales,Tepidisphaeraceae,Tepidisphaera,0,0,21,0,0,0,0,0,0,0,0,0,0,0,0,0,0,0,0,0,0
Bacteria,Planctomycetota,Phycisphaerae,Tepidisphaerales,WD2101 soil group,NA,0,0,8,0,0,5,0,5,0,0,0,0,0,0,0,0,0,0,0,0,0
Bacteria,Planctomycetota,Planctomycetes,Gemmatales,Gemmataceae,Gemmata,0,0,0,6,0,0,0,0,0,0,0,0,0,0,0,0,0,0,15,0,0
Bacteria,Planctomycetota,Planctomycetes,Isosphaerales,Isosphaeraceae,Tundrisphaera,0,0,35,0,0,0,0,0,0,0,0,0,0,0,0,0,0,0,0,0,0
Bacteria,Planctomycetota,Planctomycetes,Isosphaerales,Isosphaeraceae,NA,4,0,0,0,0,0,0,0,0,0,0,4,0,0,0,0,0,0,0,0,0
Bacteria,Planctomycetota,Planctomycetes,Pirellulales,Pirellulaceae,Roseimaritima,0,0,0,0,0,2,0,0,0,0,0,0,0,0,0,0,0,0,0,0,0
Bacteria,Planctomycetota,Planctomycetes,Planctomycetales,NA,NA,14,0,0,0,0,0,0,0,0,0,0,0,0,0,0,0,0,0,0,0,0
Bacteria,Proteobacteria,Alphaproteobacteria,Acetobacterales,Acetobacteraceae,Acidiphilium,0,0,61,0,0,0,0,0,0,0,0,0,0,0,0,0,0,0,0,0,0
Bacteria,Proteobacteria,Alphaproteobacteria,Acetobacterales,Acetobacteraceae,Craurococcus-Caldovatus,0,0,33,0,0,0,0,0,0,6,0,16,0,0,0,0,0,0,0,0,0
Bacteria,Proteobacteria,Alphaproteobacteria,Acetobacterales,Acetobacteraceae,Endobacter,0,0,0,0,0,0,0,0,0,0,6,0,0,0,0,0,0,0,0,0,0
Bacteria,Proteobacteria,Alphaproteobacteria,Acetobacterales,Acetobacteraceae,Roseomonas,38,0,5,0,0,0,13,0,0,0,0,0,12,0,0,0,0,0,0,0,0
Bacteria,Proteobacteria,Alphaproteobacteria,Acetobacterales,Acetobacteraceae,NA,0,0,55,0,0,8,0,0,0,0,0,0,0,0,0,0,0,0,0,0,0
Bacteria,Proteobacteria,Alphaproteobacteria,Azospirillales,Azospirillaceae,Skermanella,7,0,0,0,0,0,0,0,0,0,0,0,0,0,0,0,0,0,0,0,0
Bacteria,Proteobacteria,Alphaproteobacteria,Azospirillales,NA,NA,0,0,0,0,0,0,0,0,0,0,0,0,0,0,0,0,0,12,0,0,0
Bacteria,Proteobacteria,Alphaproteobacteria,Caulobacterales,Caulobacteraceae,Brevundimonas,12,0,0,0,0,9,29,0,0,0,0,0,17,0,0,0,0,0,8,0,0
Bacteria,Proteobacteria,Alphaproteobacteria,Caulobacterales,Caulobacteraceae,Caulobacter,0,0,0,0,0,0,0,0,0,0,0,3,0,0,0,0,0,0,0,0,0
Bacteria,Proteobacteria,Alphaproteobacteria,Caulobacterales,Caulobacteraceae,NA,0,0,25,0,0,0,0,0,0,0,28,0,2,0,0,0,0,0,0,0,0
Bacteria,Proteobacteria,Alphaproteobacteria,Kiloniellales,Kiloniellaceae,Tistlia,0,0,0,0,0,0,0,0,0,0,0,0,0,0,0,0,0,9,0,0,0
Bacteria,Proteobacteria,Alphaproteobacteria,Rhizobiales,Beijerinckiaceae,Bosea,59,100,56,24,37,0,0,0,5,0,0,15,27,0,0,0,0,0,0,11,4
Bacteria,Proteobacteria,Alphaproteobacteria,Rhizobiales,Beijerinckiaceae,Methylobacterium-Methylorubrum,3620,3386,3209,1400,1680,1525,471,355,972,1257,1013,1081,1006,734,1004,562,1413,1553,837,476,869
Bacteria,Proteobacteria,Alphaproteobacteria,Rhizobiales,Beijerinckiaceae,Microvirga,0,0,0,0,0,0,0,0,0,0,0,0,0,0,0,0,0,25,0,0,0
Bacteria,Proteobacteria,Alphaproteobacteria,Rhizobiales,Beijerinckiaceae,Neo-b11,0,0,0,0,0,0,0,0,0,0,14,0,0,0,0,0,0,0,0,0,0
Bacteria,Proteobacteria,Alphaproteobacteria,Rhizobiales,Beijerinckiaceae,NA,0,0,39,0,0,0,0,0,0,0,0,0,0,0,0,0,0,0,0,0,0
Bacteria,Proteobacteria,Alphaproteobacteria,Rhizobiales,Hyphomicrobiaceae,Pedomicrobium,10,0,0,0,0,0,0,0,0,0,0,0,0,0,0,0,0,0,0,0,0
Bacteria,Proteobacteria,Alphaproteobacteria,Rhizobiales,Rhizobiaceae,Allorhizobium-Neorhizobium-Pararhizobium-Rhizobium,12,14,20,0,0,0,66,0,79,0,0,9,40,24,29,22,279,92,25,0,65
Bacteria,Proteobacteria,Alphaproteobacteria,Rhizobiales,Rhizobiaceae,Mesorhizobium,0,0,0,0,0,0,0,0,0,0,0,0,0,0,0,3,0,0,0,0,0
Bacteria,Proteobacteria,Alphaproteobacteria,Rhizobiales,Rhizobiaceae,Ochrobactrum,31,59,40,44,22,0,54,37,91,94,26,42,61,37,39,28,524,105,89,32,169
Bacteria,Proteobacteria,Alphaproteobacteria,Rhizobiales,Rhizobiaceae,Phyllobacterium,0,0,55,0,0,26,0,0,0,0,23,0,0,0,0,0,30,0,0,0,0
Bacteria,Proteobacteria,Alphaproteobacteria,Rhizobiales,Rhizobiaceae,NA,0,0,0,0,0,0,0,0,0,0,0,0,0,33,0,0,76,0,0,55,0
Bacteria,Proteobacteria,Alphaproteobacteria,Rhizobiales,Xanthobacteraceae,Bradyrhizobium,109,0,57,29,35,28,16,0,7,56,26,31,0,32,16,0,0,28,0,0,0
Bacteria,Proteobacteria,Alphaproteobacteria,Rhizobiales,Xanthobacteraceae,NA,0,0,0,0,0,0,0,0,0,0,0,0,33,0,0,0,0,0,0,0,76
Bacteria,Proteobacteria,Alphaproteobacteria,Rhizobiales,NA,NA,0,4,0,0,0,0,0,0,0,0,0,0,0,0,0,0,0,0,0,0,0
Bacteria,Proteobacteria,Alphaproteobacteria,Rhodobacterales,Rhodobacteraceae,Falsirhodobacter,0,0,13,0,0,0,0,0,0,0,0,0,0,0,0,0,0,0,0,0,0
Bacteria,Proteobacteria,Alphaproteobacteria,Rhodobacterales,Rhodobacteraceae,Paracoccus,0,0,0,21,0,0,0,0,16,12,0,0,0,0,0,0,0,0,0,0,0
Bacteria,Proteobacteria,Alphaproteobacteria,Rhodobacterales,Rhodobacteraceae,Rubellimicrobium,9,0,0,0,0,0,0,0,0,0,0,0,3,0,0,4,0,0,0,0,0
Bacteria,Proteobacteria,Alphaproteobacteria,Rhodobacterales,Rhodobacteraceae,NA,0,0,0,0,0,0,0,13,0,0,0,0,0,0,0,0,0,0,0,0,0
Bacteria,Proteobacteria,Alphaproteobacteria,Rhodospirillales,NA,NA,0,0,0,0,0,0,0,0,0,0,0,0,53,0,161,10,0,110,156,214,33
Bacteria,Proteobacteria,Alphaproteobacteria,Rickettsiales,Mitochondria,NA,0,0,0,0,0,0,0,0,0,0,0,0,0,0,0,0,0,0,16,0,0
Bacteria,Proteobacteria,Alphaproteobacteria,Rickettsiales,Rickettsiaceae,Rickettsia,0,10,0,0,0,0,0,0,0,0,0,0,0,0,0,0,0,0,0,0,0
Bacteria,Proteobacteria,Alphaproteobacteria,Sphingomonadales,Sphingomonadaceae,Novosphingobium,0,0,0,0,0,0,9,0,0,0,0,11,0,0,0,0,0,0,0,0,0
Bacteria,Proteobacteria,Alphaproteobacteria,Sphingomonadales,Sphingomonadaceae,Porphyrobacter,191,193,157,50,102,70,28,15,33,67,42,67,73,120,92,51,106,123,0,56,81
Bacteria,Proteobacteria,Alphaproteobacteria,Sphingomonadales,Sphingomonadaceae,Sandarakinorhabdus,0,0,0,0,0,0,0,0,0,0,0,0,0,0,13,0,0,0,0,0,0
Bacteria,Proteobacteria,Alphaproteobacteria,Sphingomonadales,Sphingomonadaceae,Sphingomonas,158311,158275,162196,78308,64830,62771,45709,40120,74253,86549,55047,62314,48883,40005,51588,25561,79392,72856,39454,29844,60513
Bacteria,Proteobacteria,Alphaproteobacteria,Sphingomonadales,Sphingomonadaceae,NA,23,2,16,0,0,0,0,0,0,13,0,0,15,0,0,0,104,0,0,3,0
Bacteria,Proteobacteria,Alphaproteobacteria,Tistrellales,Geminicoccaceae,NA,0,0,10,0,0,0,0,0,0,0,0,0,0,0,0,0,0,18,0,0,0
Bacteria,Proteobacteria,Alphaproteobacteria,NA,NA,NA,0,0,13,0,0,0,0,0,0,0,0,0,5,0,0,0,0,0,0,0,0
Bacteria,Proteobacteria,Gammaproteobacteria,Burkholderiales,Alcaligenaceae,Achromobacter,26,0,0,0,0,0,52,0,0,0,0,0,0,0,0,0,0,0,0,0,0
Bacteria,Proteobacteria,Gammaproteobacteria,Burkholderiales,Alcaligenaceae,Alcaligenes,0,0,0,0,0,0,0,0,0,0,0,0,0,0,0,0,0,0,8,0,0
Bacteria,Proteobacteria,Gammaproteobacteria,Burkholderiales,Alcaligenaceae,NA,0,0,0,0,0,0,0,0,0,0,8,0,0,0,0,0,0,0,0,0,0
Bacteria,Proteobacteria,Gammaproteobacteria,Burkholderiales,Burkholderiaceae,Cupriavidus,11,0,0,0,0,0,0,0,0,2,0,0,0,0,3,0,0,0,0,0,0
Bacteria,Proteobacteria,Gammaproteobacteria,Burkholderiales,Burkholderiaceae,Lautropia,15,0,0,0,0,0,0,0,0,0,0,0,0,0,0,0,0,0,0,0,0
Bacteria,Proteobacteria,Gammaproteobacteria,Burkholderiales,Burkholderiaceae,Ralstonia,0,0,0,0,0,0,0,0,0,0,5,0,0,0,22,0,59,20,12,0,0
Bacteria,Proteobacteria,Gammaproteobacteria,Burkholderiales,Comamonadaceae,Aquabacterium,0,16,18,0,0,0,11,0,0,0,0,0,0,0,0,46,148,0,23,0,49
Bacteria,Proteobacteria,Gammaproteobacteria,Burkholderiales,Comamonadaceae,Delftia,161,277,316,163,59,102,270,204,900,182,131,164,221,650,275,143,3325,814,366,189,1480
Bacteria,Proteobacteria,Gammaproteobacteria,Burkholderiales,Comamonadaceae,Pseudorhodoferax,0,0,0,0,0,0,0,0,0,0,0,0,0,0,0,0,42,0,0,0,0
Bacteria,Proteobacteria,Gammaproteobacteria,Burkholderiales,Comamonadaceae,Variovorax,96,104,41,0,0,26,0,0,0,0,14,0,20,0,22,0,25,48,0,0,0
Bacteria,Proteobacteria,Gammaproteobacteria,Burkholderiales,Comamonadaceae,NA,20,0,0,4,12,0,0,0,0,3,7,0,0,0,0,0,35,0,0,22,0
Bacteria,Proteobacteria,Gammaproteobacteria,Burkholderiales,Hydrogenophilaceae,Hydrogenophilus,0,5,0,0,0,0,0,0,0,0,0,0,0,0,0,0,0,0,0,0,0
Bacteria,Proteobacteria,Gammaproteobacteria,Burkholderiales,Neisseriaceae,Neisseria,89,0,11,0,0,0,0,0,0,7,5,11,0,0,12,0,0,0,0,5,0
Bacteria,Proteobacteria,Gammaproteobacteria,Burkholderiales,Neisseriaceae,NA,0,0,0,0,4,9,0,0,0,19,7,8,0,5,0,0,42,27,53,6,51
Bacteria,Proteobacteria,Gammaproteobacteria,Burkholderiales,Nitrosomonadaceae,DSSD61,0,0,0,0,0,0,0,0,0,0,0,2,0,0,0,0,0,0,0,0,0
Bacteria,Proteobacteria,Gammaproteobacteria,Burkholderiales,Oxalobacteraceae,Herbaspirillum,0,0,0,0,0,0,7,0,0,0,0,0,0,0,0,0,0,0,0,0,56
Bacteria,Proteobacteria,Gammaproteobacteria,Burkholderiales,Oxalobacteraceae,Massilia,0,0,0,5,0,0,0,0,0,6,0,18,23,0,0,0,45,14,0,0,0
Bacteria,Proteobacteria,Gammaproteobacteria,Burkholderiales,Oxalobacteraceae,NA,0,0,0,0,0,0,0,0,0,0,0,0,8,0,0,0,0,0,0,0,0
Bacteria,Proteobacteria,Gammaproteobacteria,Burkholderiales,Rhodocyclaceae,Zoogloea,0,0,0,0,0,0,0,0,0,0,0,0,2,0,0,0,0,0,0,0,0
Bacteria,Proteobacteria,Gammaproteobacteria,Burkholderiales,Sutterellaceae,Parasutterella,0,0,0,0,0,0,0,0,0,0,0,0,23,0,76,20,0,0,60,87,0
Bacteria,Proteobacteria,Gammaproteobacteria,Burkholderiales,Sutterellaceae,Sutterella,0,0,0,0,0,0,6,0,0,0,0,0,65,132,197,32,123,203,281,546,195
Bacteria,Proteobacteria,Gammaproteobacteria,Burkholderiales,TRA3-20,NA,0,0,0,0,0,0,0,0,0,0,0,0,0,0,0,0,0,5,0,0,0
Bacteria,Proteobacteria,Gammaproteobacteria,Burkholderiales,NA,NA,0,0,7,0,0,0,0,0,0,0,2,0,20,30,0,0,0,0,7,34,0
Bacteria,Proteobacteria,Gammaproteobacteria,Cardiobacteriales,Cardiobacteriaceae,Cardiobacterium,0,0,0,0,0,0,0,0,0,10,0,0,0,0,3,0,0,0,0,0,0
Bacteria,Proteobacteria,Gammaproteobacteria,Enterobacterales,Aeromonadaceae,Aeromonas,0,0,0,0,0,0,0,0,0,0,0,0,0,12,0,0,0,0,0,0,0
Bacteria,Proteobacteria,Gammaproteobacteria,Enterobacterales,Alteromonadaceae,Alishewanella,0,3,0,0,0,0,0,0,0,0,0,0,0,0,0,0,0,0,0,0,0
Bacteria,Proteobacteria,Gammaproteobacteria,Enterobacterales,Enterobacteriaceae,Citrobacter,0,0,0,0,0,0,0,0,0,0,0,0,5,0,0,0,0,0,17,51,0
Bacteria,Proteobacteria,Gammaproteobacteria,Enterobacterales,Enterobacteriaceae,Escherichia-Shigella,0,0,0,0,0,0,0,0,0,0,0,0,421,112,431,117,505,635,522,1614,538
Bacteria,Proteobacteria,Gammaproteobacteria,Enterobacterales,Enterobacteriaceae,Klebsiella,0,0,0,0,0,0,0,0,0,0,0,0,10,0,0,0,67,39,0,107,31
Bacteria,Proteobacteria,Gammaproteobacteria,Enterobacterales,Enterobacteriaceae,NA,0,0,0,0,0,0,0,0,0,0,0,0,61,85,242,124,0,105,71,92,0
Bacteria,Proteobacteria,Gammaproteobacteria,Enterobacterales,Erwiniaceae,Pantoea,0,0,0,0,0,0,0,0,0,18,0,0,0,0,0,0,0,0,0,0,0
Bacteria,Proteobacteria,Gammaproteobacteria,Enterobacterales,Hafniaceae,Hafnia-Obesumbacterium,0,0,0,0,0,0,0,0,0,0,0,0,0,0,0,0,0,0,0,36,0
Bacteria,Proteobacteria,Gammaproteobacteria,Enterobacterales,Morganellaceae,Proteus,0,0,0,0,0,0,0,0,0,0,0,0,0,21,18,0,0,0,0,12,0
Bacteria,Proteobacteria,Gammaproteobacteria,Enterobacterales,Morganellaceae,NA,0,0,0,0,0,0,0,0,0,0,0,0,0,0,0,0,0,0,0,11,0
Bacteria,Proteobacteria,Gammaproteobacteria,Enterobacterales,Pasteurellaceae,Aggregatibacter,13,0,0,0,0,0,0,0,0,0,0,0,0,0,0,0,0,0,0,0,0
Bacteria,Proteobacteria,Gammaproteobacteria,Enterobacterales,Pasteurellaceae,Haemophilus,99,9,0,0,0,9,0,0,6,0,0,11,37,44,11,11,204,60,40,119,57
Bacteria,Proteobacteria,Gammaproteobacteria,Enterobacterales,Pasteurellaceae,NA,0,0,0,0,0,0,0,0,0,0,0,0,19,0,10,0,35,62,0,5,0
Bacteria,Proteobacteria,Gammaproteobacteria,Enterobacterales,Succinivibrionaceae,Succinatimonas,0,0,0,0,0,0,0,0,0,0,0,0,44,25,5,0,0,42,20,88,0
Bacteria,Proteobacteria,Gammaproteobacteria,Enterobacterales,Succinivibrionaceae,Succinivibrionaceae UCG-001,7,0,0,0,0,0,0,0,0,0,0,0,0,0,0,0,0,0,0,0,0
Bacteria,Proteobacteria,Gammaproteobacteria,Enterobacterales,Yersiniaceae,Serratia,577,673,408,177,127,45,605,112,479,632,561,0,0,0,0,0,0,0,0,0,0
Bacteria,Proteobacteria,Gammaproteobacteria,Enterobacterales,NA,NA,0,3,0,0,8,0,0,0,0,0,0,0,9,11,4,0,0,0,20,48,39
Bacteria,Proteobacteria,Gammaproteobacteria,Pseudomonadales,Alcanivoracaceae1,Alcanivorax,11,6,5,0,0,7,0,0,0,0,0,0,0,0,0,0,0,0,0,0,0
Bacteria,Proteobacteria,Gammaproteobacteria,Pseudomonadales,Halomonadaceae,Halomonas,0,0,5,0,0,0,0,0,0,0,0,0,0,10,0,0,0,0,4,0,0
Bacteria,Proteobacteria,Gammaproteobacteria,Pseudomonadales,Halomonadaceae,Kushneria,7,0,0,0,0,0,0,0,0,0,0,0,0,0,0,0,0,0,0,0,0
Bacteria,Proteobacteria,Gammaproteobacteria,Pseudomonadales,Moraxellaceae,Acinetobacter,34,0,69,27,14,23,0,27,0,75,34,0,0,0,322,254,43,78,48,121,9
Bacteria,Proteobacteria,Gammaproteobacteria,Pseudomonadales,Moraxellaceae,Enhydrobacter,34,16,20,0,0,0,0,0,23,0,11,9,0,0,16,0,66,11,0,17,41
Bacteria,Proteobacteria,Gammaproteobacteria,Pseudomonadales,Pseudomonadaceae,Pseudomonas,0,6,0,0,9,29,14,0,15,66,7,0,11,0,0,0,0,21,29,9,36
Bacteria,Proteobacteria,Gammaproteobacteria,Salinisphaerales,Solimonadaceae,Nevskia,280,347,232,108,144,98,44,31,46,107,60,44,45,39,72,22,53,59,13,17,17
Bacteria,Proteobacteria,Gammaproteobacteria,Xanthomonadales,Xanthomonadaceae,Lysobacter,0,0,0,0,0,0,0,0,0,0,0,0,8,0,0,0,0,0,0,0,0
Bacteria,Proteobacteria,Gammaproteobacteria,Xanthomonadales,Xanthomonadaceae,Stenotrophomonas,30,0,17,3,0,0,20,0,50,3,20,6,0,4,0,0,64,31,7,0,0
Bacteria,Proteobacteria,Gammaproteobacteria,Xanthomonadales,Xanthomonadaceae,Xanthomonas,0,0,0,0,0,0,0,0,0,0,0,0,0,0,0,0,0,0,0,6,0
Bacteria,Proteobacteria,Gammaproteobacteria,NA,NA,NA,0,0,0,0,0,0,0,0,0,0,0,0,8,0,13,0,0,36,0,23,0
Bacteria,Proteobacteria,NA,NA,NA,NA,0,0,0,0,0,0,0,0,0,0,0,0,0,0,0,0,0,0,0,2,2
Bacteria,Verrucomicrobiota,Lentisphaeria,Victivallales,Victivallaceae,Victivallis,0,0,0,0,0,0,0,0,0,0,0,0,6,0,0,0,0,0,13,25,0
Bacteria,Verrucomicrobiota,Lentisphaeria,Victivallales,vadinBE97,NA,0,0,0,0,0,0,0,0,0,0,0,0,20,0,0,0,0,0,0,0,0
Bacteria,Verrucomicrobiota,Verrucomicrobiae,Chthoniobacterales,Chthoniobacteraceae,Candidatus Udaeobacter,0,0,0,0,0,0,0,0,0,0,0,0,0,0,0,0,0,19,0,0,0
Bacteria,Verrucomicrobiota,Verrucomicrobiae,Chthoniobacterales,Chthoniobacteraceae,Chthoniobacter,18,0,0,0,0,0,0,0,0,0,0,0,0,0,0,0,0,0,0,0,0
Bacteria,Verrucomicrobiota,Verrucomicrobiae,Chthoniobacterales,Chthoniobacteraceae,LD29,6,0,0,0,0,0,0,0,0,0,0,0,0,0,0,0,0,0,0,0,0
Bacteria,Verrucomicrobiota,Verrucomicrobiae,Chthoniobacterales,Chthoniobacteraceae,NA,0,0,50,0,0,0,0,0,0,0,0,0,0,0,0,0,0,0,0,0,0
Bacteria,Verrucomicrobiota,Verrucomicrobiae,Verrucomicrobiales,Akkermansiaceae,Akkermansia,0,0,0,0,0,0,0,0,0,0,0,0,70,0,40,0,120,74,105,176,86
Bacteria,Verrucomicrobiota,Verrucomicrobiae,Verrucomicrobiales,Rubritaleaceae,Luteolibacter,0,0,0,0,0,7,0,0,0,0,0,0,0,0,0,0,0,0,0,0,0
Bacteria,NA,NA,NA,NA,NA,6,0,2,2,5,0,2,0,0,0,0,2,258,159,300,39,369,381,257,683,237
NA,NA,NA,NA,NA,NA,0,0,0,0,0,0,0,0,0,0,0,0,46,0,21,20,68,43,52,124,52
