Kingdom,Phylum,Class,Order,Family,Genus,Species,S1,S2,S3,S4,S5,S7,S8,S9,S10,S11,S12,S13,S15,S16,S17,S18,S19,S20,S21,S22
k__Fungi,p__Ascomycota,c__Arthoniomycetes,o__Lichenostigmatales,f__Phaeococcomycetaceae,g__Phaeococcomyces,s__kinklidomatophilus,0,0,0,0,0,0,0,0,0,78,0,0,0,0,0,0,0,0,0,0
k__Fungi,p__Ascomycota,c__Arthoniomycetes,o__Lichenostigmatales,f__Phaeococcomycetaceae,g__Phaeococcomyces,NA,48,0,0,0,0,0,0,0,0,301,799,0,0,0,0,0,0,0,0,0
k__Fungi,p__Ascomycota,c__Arthoniomycetes,o__Lichenostigmatales,NA,NA,NA,0,0,779,0,0,0,0,0,0,38,0,0,0,0,0,0,0,0,0,0
k__Fungi,p__Ascomycota,c__Dothideomycetes,o__Botryosphaeriales,f__Botryosphaeriaceae,g__Dothiorella,NA,91,0,0,0,0,0,0,0,0,0,0,0,0,0,0,0,0,0,0,0
k__Fungi,p__Ascomycota,c__Dothideomycetes,o__Botryosphaeriales,f__Botryosphaeriaceae,g__Neofusicoccum,s__australe,0,0,0,2,0,0,0,0,0,0,0,0,0,0,0,0,0,0,0,0
k__Fungi,p__Ascomycota,c__Dothideomycetes,o__Botryosphaeriales,f__Botryosphaeriaceae,NA,NA,0,0,0,0,0,0,3529,0,0,46,0,0,0,0,0,0,0,0,0,0
k__Fungi,p__Ascomycota,c__Dothideomycetes,o__Botryosphaeriales,f__Phyllostictaceae,g__Phyllosticta,s__capitalensis,0,0,0,0,0,0,0,0,0,0,52,0,0,0,0,0,0,0,0,0
k__Fungi,p__Ascomycota,c__Dothideomycetes,o__Capnodiales,f__Capnodiales_fam_Incertae_sedis,g__Arthrocatena,NA,19,0,0,0,0,0,0,0,0,0,0,0,0,0,0,0,0,0,0,0
k__Fungi,p__Ascomycota,c__Dothideomycetes,o__Capnodiales,f__Cladosporiaceae,g__Cladosporium,s__aphidis,104,2156,0,0,0,0,0,0,974,116,122,0,0,0,0,0,0,0,0,0
k__Fungi,p__Ascomycota,c__Dothideomycetes,o__Capnodiales,f__Cladosporiaceae,g__Cladosporium,s__domesticum,0,0,0,0,0,0,0,0,0,0,156,0,0,0,0,0,0,0,0,0
k__Fungi,p__Ascomycota,c__Dothideomycetes,o__Capnodiales,f__Cladosporiaceae,g__Cladosporium,s__dominicanum,0,0,0,0,0,0,0,0,0,0,0,0,0,0,0,0,0,0,397,0
k__Fungi,p__Ascomycota,c__Dothideomycetes,o__Capnodiales,f__Cladosporiaceae,g__Cladosporium,s__halotolerans,0,0,0,0,0,0,0,0,404,0,1094,0,0,0,0,0,0,0,0,0
k__Fungi,p__Ascomycota,c__Dothideomycetes,o__Capnodiales,f__Cladosporiaceae,g__Cladosporium,s__herbarum,4180,2627,8743,55,296,0,1352,0,5245,1782,2661,584,3707,0,543,5053,0,2335,0,0
k__Fungi,p__Ascomycota,c__Dothideomycetes,o__Capnodiales,f__Cladosporiaceae,g__Cladosporium,s__sphaerospermum,0,0,0,0,0,0,0,0,0,105,503,0,0,0,0,0,0,0,0,0
k__Fungi,p__Ascomycota,c__Dothideomycetes,o__Capnodiales,f__Cladosporiaceae,g__Cladosporium,s__velox,0,0,0,0,0,0,0,0,0,0,151,0,0,0,0,0,0,0,0,0
k__Fungi,p__Ascomycota,c__Dothideomycetes,o__Capnodiales,f__Cladosporiaceae,g__Cladosporium,NA,23089,7679,42483,3387,2422,1325,8307,5550,15262,12324,7515,4811,11283,0,4132,1430,767,1368,11366,2802
k__Fungi,p__Ascomycota,c__Dothideomycetes,o__Capnodiales,f__Cladosporiaceae,g__Rachicladosporium,s__cboliae,0,0,113,0,0,0,0,0,0,0,0,0,0,0,0,0,0,0,0,0
k__Fungi,p__Ascomycota,c__Dothideomycetes,o__Capnodiales,f__Cladosporiaceae,g__Rachicladosporium,s__inconspicuum,0,0,0,0,0,0,0,0,0,0,22,0,0,0,0,0,0,0,0,0
k__Fungi,p__Ascomycota,c__Dothideomycetes,o__Capnodiales,f__Cladosporiaceae,g__Toxicocladosporium,NA,0,2295,0,0,0,0,0,0,0,0,0,0,0,0,0,0,0,0,0,0
k__Fungi,p__Ascomycota,c__Dothideomycetes,o__Capnodiales,f__Cladosporiaceae,g__Verrucocladosporium,s__dirinae,0,0,0,0,0,124,0,0,0,0,0,0,0,0,0,0,0,0,0,0
k__Fungi,p__Ascomycota,c__Dothideomycetes,o__Capnodiales,f__Cladosporiaceae,g__Verrucocladosporium,NA,158,862,22,0,0,0,965,0,0,137,0,0,0,125,0,0,0,163,0,0
k__Fungi,p__Ascomycota,c__Dothideomycetes,o__Capnodiales,f__Dissoconiaceae,g__Uwebraunia,NA,0,0,1156,0,0,0,0,0,0,0,0,0,0,0,0,0,0,0,0,0
k__Fungi,p__Ascomycota,c__Dothideomycetes,o__Capnodiales,f__Neodevriesiaceae,g__Neodevriesia,NA,239,0,447,0,0,0,0,0,0,0,115,0,0,0,0,0,0,0,0,0
k__Fungi,p__Ascomycota,c__Dothideomycetes,o__Capnodiales,f__Neodevriesiaceae,NA,NA,0,0,140,0,0,0,0,0,0,0,19,0,0,0,0,0,0,0,0,0
k__Fungi,p__Ascomycota,c__Dothideomycetes,o__Coniosporiales,f__Coniosporiaceae,g__Coniosporium,s__apollinis,0,0,0,0,0,0,0,0,0,0,1330,0,0,0,0,0,0,0,0,0
k__Fungi,p__Ascomycota,c__Dothideomycetes,o__Coniosporiales,f__Coniosporiaceae,g__Coniosporium,NA,0,0,275,0,0,0,0,0,0,0,0,1255,0,0,0,0,0,0,0,0
k__Fungi,p__Ascomycota,c__Dothideomycetes,o__Dothideales,f__Dothioraceae,g__Dothiora,NA,0,0,90,0,0,0,0,0,0,0,0,0,0,0,0,0,0,0,0,0
k__Fungi,p__Ascomycota,c__Dothideomycetes,o__Dothideales,f__Saccotheciaceae,g__Aureobasidium,s__pullulans,709,0,1029,641,0,0,0,930,1201,1305,24,566,0,0,0,0,0,0,0,440
k__Fungi,p__Ascomycota,c__Dothideomycetes,o__Dothideales,f__Saccotheciaceae,NA,NA,0,0,0,0,0,0,0,0,241,0,0,0,0,0,0,0,0,0,0,0
k__Fungi,p__Ascomycota,c__Dothideomycetes,o__Dothideomycetes_ord_Incertae_sedis,f__Dothideomycetes_fam_Incertae_sedis,g__Radulidium,s__subulatum,0,0,0,0,0,0,0,669,0,0,0,0,0,0,0,0,0,0,0,0
k__Fungi,p__Ascomycota,c__Dothideomycetes,o__Mycosphaerellales,f__Extremaceae,g__Incertomyces,NA,0,0,1014,0,0,0,0,0,0,0,0,0,0,0,0,0,0,0,0,0
k__Fungi,p__Ascomycota,c__Dothideomycetes,o__Mycosphaerellales,f__Extremaceae,g__Petrophila,s__incerta,286,0,1968,0,0,0,0,0,0,53,0,141,0,0,0,0,0,0,0,0
k__Fungi,p__Ascomycota,c__Dothideomycetes,o__Mycosphaerellales,f__Mycosphaerellaceae,g__Acrodontium,NA,0,60,0,0,0,0,0,0,0,0,0,0,0,0,0,0,0,0,0,0
k__Fungi,p__Ascomycota,c__Dothideomycetes,o__Mycosphaerellales,f__Mycosphaerellaceae,g__Geastrumia,NA,0,0,0,0,0,0,0,0,0,0,0,0,0,0,0,0,192,0,0,0
k__Fungi,p__Ascomycota,c__Dothideomycetes,o__Mycosphaerellales,f__Mycosphaerellaceae,g__Ramularia,NA,0,0,0,0,0,0,0,0,0,23,0,0,0,0,0,0,0,0,0,0
k__Fungi,p__Ascomycota,c__Dothideomycetes,o__Mycosphaerellales,f__Mycosphaerellaceae,g__Xenosonderhenia,s__syzygii,0,0,0,0,407,0,0,0,0,0,0,0,0,0,0,0,0,0,0,0
k__Fungi,p__Ascomycota,c__Dothideomycetes,o__Mycosphaerellales,f__Mycosphaerellaceae,g__Zasmidium,s__eucalypticola,0,0,0,0,0,0,0,0,0,14,0,0,0,0,0,0,0,0,0,0
k__Fungi,p__Ascomycota,c__Dothideomycetes,o__Mycosphaerellales,f__Mycosphaerellaceae,NA,NA,0,0,10,0,0,0,0,0,0,0,625,0,0,0,0,0,0,0,0,0
k__Fungi,p__Ascomycota,c__Dothideomycetes,o__Mycosphaerellales,f__Teratosphaeriaceae,g__Catenulostroma,NA,0,0,154,0,246,0,0,0,0,121,0,180,0,0,0,0,0,0,0,0
k__Fungi,p__Ascomycota,c__Dothideomycetes,o__Mycosphaerellales,f__Teratosphaeriaceae,g__Constantinomyces,s__oldenburgensis,0,0,0,0,0,0,0,0,0,213,0,0,0,0,0,0,0,0,0,0
k__Fungi,p__Ascomycota,c__Dothideomycetes,o__Mycosphaerellales,f__Teratosphaeriaceae,g__Hortaea,s__werneckii,0,0,0,0,0,0,0,0,0,0,0,0,0,0,0,0,0,395,0,0
k__Fungi,p__Ascomycota,c__Dothideomycetes,o__Mycosphaerellales,f__Teratosphaeriaceae,g__Neocatenulostroma,NA,0,0,256,0,0,0,0,0,0,0,0,0,0,0,0,0,0,0,0,0
k__Fungi,p__Ascomycota,c__Dothideomycetes,o__Mycosphaerellales,f__Teratosphaeriaceae,g__Salinomyces,s__thailandicus,0,0,135,0,0,0,0,0,0,0,0,0,0,0,0,0,0,0,0,0
k__Fungi,p__Ascomycota,c__Dothideomycetes,o__Mycosphaerellales,f__Teratosphaeriaceae,NA,NA,112,0,0,0,0,0,0,989,0,0,0,0,0,0,0,0,0,0,3119,0
k__Fungi,p__Ascomycota,c__Dothideomycetes,o__Mycosphaerellales,NA,NA,NA,6,0,0,0,0,0,0,0,0,81,0,0,0,0,0,0,0,0,0,0
k__Fungi,p__Ascomycota,c__Dothideomycetes,o__Myriangiales,f__Elsinoaceae,g__Elsinoe,NA,0,1318,0,0,0,0,0,0,0,0,0,0,0,0,0,0,0,0,0,0
k__Fungi,p__Ascomycota,c__Dothideomycetes,o__Myriangiales,f__Endosporiaceae,g__Endosporium,s__aviarium,0,301,0,0,0,0,0,0,0,0,0,0,0,0,0,0,0,0,0,0
k__Fungi,p__Ascomycota,c__Dothideomycetes,o__Myriangiales,f__Myriangiales_fam_Incertae_sedis,g__Myriangiales_gen_Incertae_sedis,NA,0,0,1111,0,0,0,0,0,0,0,0,0,0,0,0,0,0,0,0,0
k__Fungi,p__Ascomycota,c__Dothideomycetes,o__Myriangiales,f__Myriangiales_fam_Incertae_sedis,g__Phaeosclera,NA,0,0,339,0,104,0,0,0,0,0,0,121,0,0,0,0,0,0,0,0
k__Fungi,p__Ascomycota,c__Dothideomycetes,o__Neocelosporiales,f__Neocelosporiaceae,g__Neocelosporium,NA,0,0,0,0,0,0,0,0,0,523,0,0,0,0,0,0,0,0,0,0
k__Fungi,p__Ascomycota,c__Dothideomycetes,o__Patellariales,f__Patellariaceae,g__Banhegyia,NA,0,0,0,0,0,0,0,0,0,101,0,0,0,0,0,0,0,0,0,0
k__Fungi,p__Ascomycota,c__Dothideomycetes,o__Pleosporales,f__Amorosiaceae,g__Angustimassarina,s__acerina,0,0,204,0,0,0,0,0,655,0,0,0,0,0,0,0,0,0,0,0
k__Fungi,p__Ascomycota,c__Dothideomycetes,o__Pleosporales,f__Coniothyriaceae,g__Foliophoma,s__camporesii,1012,0,0,0,0,0,0,0,0,0,0,0,0,0,0,0,0,0,0,0
k__Fungi,p__Ascomycota,c__Dothideomycetes,o__Pleosporales,f__Cucurbitariaceae,g__Neocucurbitaria,NA,0,393,0,0,0,0,0,0,0,0,0,0,0,0,0,0,0,0,0,0
k__Fungi,p__Ascomycota,c__Dothideomycetes,o__Pleosporales,f__Didymellaceae,g__Ascochyta,s__var._macrospora,0,0,31,0,0,0,0,0,0,0,0,0,0,0,0,0,0,0,0,0
k__Fungi,p__Ascomycota,c__Dothideomycetes,o__Pleosporales,f__Didymellaceae,g__Epicoccum,s__italicum,0,0,0,0,0,0,0,0,1214,0,0,0,0,0,0,0,0,0,0,0
k__Fungi,p__Ascomycota,c__Dothideomycetes,o__Pleosporales,f__Didymellaceae,g__Neoascochyta,NA,0,0,0,0,0,0,0,0,0,0,0,131,0,0,0,0,0,0,0,0
k__Fungi,p__Ascomycota,c__Dothideomycetes,o__Pleosporales,f__Didymellaceae,NA,NA,22117,358,525,10407,0,0,673,5107,2296,437,995,162,0,206,0,0,960,0,0,0
k__Fungi,p__Ascomycota,c__Dothideomycetes,o__Pleosporales,f__Didymosphaeriaceae,g__Neokalmusia,s__arundinis,0,23,0,0,0,0,0,0,0,36,0,0,0,0,0,0,0,0,0,0
k__Fungi,p__Ascomycota,c__Dothideomycetes,o__Pleosporales,f__Didymosphaeriaceae,g__Paraphaeosphaeria,s__parmeliae,0,263,0,0,0,0,0,0,0,0,0,0,0,0,0,0,0,0,0,0
k__Fungi,p__Ascomycota,c__Dothideomycetes,o__Pleosporales,f__Didymosphaeriaceae,g__Pseudopithomyces,s__angolensis,79,31,0,0,0,0,0,0,0,167,0,0,0,0,0,0,0,0,0,0
k__Fungi,p__Ascomycota,c__Dothideomycetes,o__Pleosporales,f__Didymosphaeriaceae,g__Pseudopithomyces,NA,0,133,0,0,0,0,0,0,0,0,0,0,0,0,0,0,0,0,0,0
k__Fungi,p__Ascomycota,c__Dothideomycetes,o__Pleosporales,f__Didymosphaeriaceae,g__Spegazzinia,NA,0,0,0,0,0,0,0,0,140,0,0,0,0,0,0,0,0,0,0,0
k__Fungi,p__Ascomycota,c__Dothideomycetes,o__Pleosporales,f__Didymosphaeriaceae,g__Tremateia,s__chromolaenae,0,0,0,0,0,0,0,0,0,68,0,0,0,0,0,0,0,0,0,0
k__Fungi,p__Ascomycota,c__Dothideomycetes,o__Pleosporales,f__Leptosphaeriaceae,g__Plenodomus,NA,844,0,0,0,0,0,0,0,0,0,0,0,0,0,0,0,0,0,0,0
k__Fungi,p__Ascomycota,c__Dothideomycetes,o__Pleosporales,f__Lophiostomataceae,g__Lophiostoma,NA,0,0,90,189,0,0,0,0,0,0,0,190,0,0,0,0,0,0,0,0
k__Fungi,p__Ascomycota,c__Dothideomycetes,o__Pleosporales,f__Lophiostomataceae,g__Neovaginatispora,s__clematidis,60,0,199,0,0,0,0,0,0,27,22,0,0,0,0,0,0,0,0,0
k__Fungi,p__Ascomycota,c__Dothideomycetes,o__Pleosporales,f__Lophiostomataceae,NA,NA,0,0,942,0,0,0,0,0,0,0,0,0,0,0,0,0,0,0,0,0
k__Fungi,p__Ascomycota,c__Dothideomycetes,o__Pleosporales,f__Lophiotremataceae,g__Lophiotrema,s__rubi,0,0,288,0,0,0,0,0,0,0,0,0,0,0,0,0,0,0,0,0
k__Fungi,p__Ascomycota,c__Dothideomycetes,o__Pleosporales,f__Macrodiplodiopsidaceae,g__Macrodiplodiopsis,s__desmazieri,0,0,0,0,0,0,0,0,0,0,64,0,0,0,0,0,0,0,0,0
k__Fungi,p__Ascomycota,c__Dothideomycetes,o__Pleosporales,f__Parapyrenochaetaceae,g__Parapyrenochaeta,NA,0,0,0,0,0,0,0,0,615,0,0,0,0,0,0,0,0,0,0,0
k__Fungi,p__Ascomycota,c__Dothideomycetes,o__Pleosporales,f__Periconiaceae,g__Periconia,s__celtidis,0,0,176,0,0,0,0,0,0,0,0,0,0,0,0,0,0,0,0,0
k__Fungi,p__Ascomycota,c__Dothideomycetes,o__Pleosporales,f__Periconiaceae,g__Periconia,s__chimonanthi,0,0,0,0,0,0,0,0,624,0,0,0,0,0,0,0,0,0,0,0
k__Fungi,p__Ascomycota,c__Dothideomycetes,o__Pleosporales,f__Periconiaceae,g__Periconia,s__macrospinosa,0,0,0,0,0,0,0,0,0,0,0,0,0,0,0,0,0,707,0,0
k__Fungi,p__Ascomycota,c__Dothideomycetes,o__Pleosporales,f__Periconiaceae,g__Periconia,s__verrucosa,0,0,0,0,0,0,0,0,0,145,250,0,0,0,0,0,0,0,0,0
k__Fungi,p__Ascomycota,c__Dothideomycetes,o__Pleosporales,f__Periconiaceae,g__Periconia,NA,450,0,0,0,0,0,0,0,0,0,0,0,0,0,0,0,0,0,0,0
k__Fungi,p__Ascomycota,c__Dothideomycetes,o__Pleosporales,f__Phaeosphaeriaceae,g__Didymocyrtis,NA,0,0,0,0,0,0,0,0,917,0,0,0,0,0,0,0,0,0,0,0
k__Fungi,p__Ascomycota,c__Dothideomycetes,o__Pleosporales,f__Phaeosphaeriaceae,g__Leptospora,s__clematidis,0,0,0,0,0,0,0,0,0,150,0,0,0,0,0,0,0,0,0,0
k__Fungi,p__Ascomycota,c__Dothideomycetes,o__Pleosporales,f__Phaeosphaeriaceae,g__Leptospora,NA,0,0,107,0,0,0,0,0,0,0,0,0,0,0,0,0,0,0,0,0
k__Fungi,p__Ascomycota,c__Dothideomycetes,o__Pleosporales,f__Phaeosphaeriaceae,g__Neosetophoma,NA,1206,0,574,0,0,0,0,0,0,0,0,0,0,0,0,0,0,0,0,0
k__Fungi,p__Ascomycota,c__Dothideomycetes,o__Pleosporales,f__Phaeosphaeriaceae,g__Ophiosphaerella,NA,0,0,0,0,102,0,0,0,0,0,0,0,0,0,0,0,0,0,0,0
k__Fungi,p__Ascomycota,c__Dothideomycetes,o__Pleosporales,f__Phaeosphaeriaceae,g__Phaeosphaeria,s__oryzae,0,0,0,0,0,0,0,0,0,0,0,0,0,0,0,0,0,0,0,3
k__Fungi,p__Ascomycota,c__Dothideomycetes,o__Pleosporales,f__Phaeosphaeriaceae,g__Phaeosphaeria,NA,498,0,2462,1451,32,0,0,0,0,0,0,0,0,0,0,0,0,0,0,0
k__Fungi,p__Ascomycota,c__Dothideomycetes,o__Pleosporales,f__Phaeosphaeriaceae,g__Septoriella,NA,0,0,0,0,0,0,0,0,0,61,0,0,0,0,0,0,0,0,0,0
k__Fungi,p__Ascomycota,c__Dothideomycetes,o__Pleosporales,f__Phaeosphaeriaceae,NA,NA,0,0,0,0,48,0,0,0,0,0,0,0,0,0,0,0,0,0,0,0
k__Fungi,p__Ascomycota,c__Dothideomycetes,o__Pleosporales,f__Pleosporaceae,g__Alternaria,s__metachromatica,4384,297,1295,0,0,0,0,0,333,94,450,0,0,0,0,0,0,0,0,0
k__Fungi,p__Ascomycota,c__Dothideomycetes,o__Pleosporales,f__Pleosporaceae,g__Alternaria,s__rosae,44,0,0,0,0,0,0,0,0,0,0,0,0,0,0,0,0,0,0,0
k__Fungi,p__Ascomycota,c__Dothideomycetes,o__Pleosporales,f__Pleosporaceae,g__Alternaria,s__sonchi,0,0,0,0,0,0,0,0,0,0,206,0,0,0,0,0,0,0,0,0
k__Fungi,p__Ascomycota,c__Dothideomycetes,o__Pleosporales,f__Pleosporaceae,g__Alternaria,NA,27343,2037,54826,720,320,1854,0,0,10522,3309,1583,900,1976,0,0,0,527,0,0,3
k__Fungi,p__Ascomycota,c__Dothideomycetes,o__Pleosporales,f__Pleosporaceae,g__Pyrenophora,NA,0,0,5658,0,0,0,0,0,2277,6,0,0,0,0,0,0,0,0,0,0
k__Fungi,p__Ascomycota,c__Dothideomycetes,o__Pleosporales,f__Pleosporaceae,g__Stemphylium,s__vesicarium,1033,0,172,0,0,0,0,0,628,227,0,0,0,0,0,0,0,0,678,0
k__Fungi,p__Ascomycota,c__Dothideomycetes,o__Pleosporales,f__Pleosporaceae,NA,NA,40,0,0,0,0,0,0,0,0,2769,0,0,0,0,0,0,0,0,0,0
k__Fungi,p__Ascomycota,c__Dothideomycetes,o__Pleosporales,f__Pleosporales_fam_Incertae_sedis,g__Chalastospora,s__gossypii,0,0,114,0,0,0,0,0,0,0,0,0,0,0,0,0,0,0,0,0
k__Fungi,p__Ascomycota,c__Dothideomycetes,o__Pleosporales,f__Pseudomassarinaceae,g__Pseudomassarina,s__clematidis,47,0,0,0,0,0,0,0,0,0,0,0,0,0,0,0,0,0,0,0
k__Fungi,p__Ascomycota,c__Dothideomycetes,o__Pleosporales,f__Sporormiaceae,g__Preussia,s__persica,0,0,1184,0,0,0,0,0,0,0,0,0,0,0,0,0,0,0,0,0
k__Fungi,p__Ascomycota,c__Dothideomycetes,o__Pleosporales,f__Teichosporaceae,NA,NA,0,0,0,0,0,0,0,0,0,0,0,184,0,0,0,0,0,0,0,0
k__Fungi,p__Ascomycota,c__Dothideomycetes,o__Pleosporales,f__Torulaceae,g__Torula,s__fici,0,0,0,0,0,0,0,0,0,77,0,0,0,0,0,0,0,0,0,0
k__Fungi,p__Ascomycota,c__Dothideomycetes,o__Pleosporales,f__Torulaceae,g__Torula,NA,0,0,772,0,0,0,0,0,0,0,16,264,0,0,0,0,0,0,0,0
k__Fungi,p__Ascomycota,c__Dothideomycetes,o__Pleosporales,NA,NA,NA,442,898,2429,845,164,0,0,0,0,541,267,0,0,0,0,0,1065,0,517,0
k__Fungi,p__Ascomycota,c__Dothideomycetes,o__Superstratomycetales,f__Superstratomycetaceae,g__Superstratomyces,s__flavomucosus,0,0,8,0,0,0,0,0,0,0,0,0,0,0,0,0,0,0,0,0
k__Fungi,p__Ascomycota,c__Dothideomycetes,o__Tubeufiales,f__Tubeufiaceae,g__Zaanenomyces,s__moderatricis-academiae,0,0,0,0,0,0,0,0,0,0,0,0,0,0,0,0,0,0,198,0
k__Fungi,p__Ascomycota,c__Dothideomycetes,o__Valsariales,f__Valsariaceae,g__Valsaria,s__lopadostomoides,0,0,0,0,0,0,0,0,0,0,0,246,0,0,0,0,0,0,0,0
k__Fungi,p__Ascomycota,c__Dothideomycetes,o__Venturiales,f__Sympoventuriaceae,g__Bellamyces,s__quercus,0,0,187,0,0,0,0,0,0,0,0,0,0,0,0,0,0,0,0,0
k__Fungi,p__Ascomycota,c__Dothideomycetes,o__Venturiales,f__Venturiaceae,g__Tothia,s__fuscella,0,0,46,0,0,0,0,0,0,0,0,0,0,0,0,0,0,0,0,0
k__Fungi,p__Ascomycota,c__Dothideomycetes,NA,NA,NA,NA,0,0,2787,0,0,208,0,0,557,56,19,0,0,0,0,0,0,0,0,0
k__Fungi,p__Ascomycota,c__Eurotiomycetes,o__Chaetothyriales,f__Chaetothyriales_fam_Incertae_sedis,g__Anthracina,NA,0,0,25,0,0,0,0,0,0,0,0,0,0,0,0,0,0,0,0,0
k__Fungi,p__Ascomycota,c__Eurotiomycetes,o__Chaetothyriales,f__Chaetothyriales_fam_Incertae_sedis,g__Neophaeococcomyces,s__aloes,0,0,1194,0,0,0,0,0,0,0,0,0,0,0,0,0,0,0,0,0
k__Fungi,p__Ascomycota,c__Eurotiomycetes,o__Chaetothyriales,f__Cyphellophoraceae,g__Cyphellophora,NA,0,0,0,0,0,0,0,0,0,216,0,0,0,0,0,0,0,0,0,0
k__Fungi,p__Ascomycota,c__Eurotiomycetes,o__Chaetothyriales,f__Cyphellophoraceae,NA,NA,0,0,0,0,0,0,0,0,3,0,0,0,0,0,0,0,0,0,0,0
k__Fungi,p__Ascomycota,c__Eurotiomycetes,o__Chaetothyriales,f__Herpotrichiellaceae,g__Exophiala,s__oligosperma,68082,138311,95687,82906,101424,77273,35136,43492,44937,32950,27838,32913,122941,71494,34773,31063,54801,58406,92647,97422
k__Fungi,p__Ascomycota,c__Eurotiomycetes,o__Chaetothyriales,f__Herpotrichiellaceae,g__Rhinocladiella,NA,33,0,0,0,0,0,0,0,0,0,0,0,0,0,0,0,0,0,0,0
k__Fungi,p__Ascomycota,c__Eurotiomycetes,o__Chaetothyriales,f__Herpotrichiellaceae,NA,NA,0,0,640,0,0,0,0,0,0,0,0,0,0,0,0,0,0,0,0,0
k__Fungi,p__Ascomycota,c__Eurotiomycetes,o__Chaetothyriales,f__Trichomeriaceae,g__Knufia,s__marmoricola,0,0,0,0,0,0,0,0,0,0,567,0,0,0,0,0,0,0,0,0
k__Fungi,p__Ascomycota,c__Eurotiomycetes,o__Chaetothyriales,f__Trichomeriaceae,g__Knufia,NA,0,0,1768,0,0,0,0,0,0,0,82,144,0,0,0,0,0,0,0,0
k__Fungi,p__Ascomycota,c__Eurotiomycetes,o__Chaetothyriales,f__Trichomeriaceae,g__Lithohypha,s__aloicola,0,0,0,0,0,0,0,0,0,0,0,0,0,0,0,0,148,0,0,0
k__Fungi,p__Ascomycota,c__Eurotiomycetes,o__Chaetothyriales,f__Trichomeriaceae,g__Trichomerium,NA,0,0,0,0,0,0,0,0,0,0,163,0,0,0,0,0,0,0,0,0
k__Fungi,p__Ascomycota,c__Eurotiomycetes,o__Chaetothyriales,f__Trichomeriaceae,NA,NA,0,0,0,0,0,0,0,0,0,0,77,0,0,0,0,0,0,0,0,0
k__Fungi,p__Ascomycota,c__Eurotiomycetes,o__Chaetothyriales,NA,NA,NA,81,0,86,0,0,0,0,0,0,91,0,0,0,0,0,0,0,0,0,0
k__Fungi,p__Ascomycota,c__Eurotiomycetes,o__Eurotiales,f__Aspergillaceae,g__Aspergillus,s__intermedius,0,0,0,0,0,0,0,0,0,975,0,0,3257,0,0,0,0,0,0,0
k__Fungi,p__Ascomycota,c__Eurotiomycetes,o__Eurotiales,f__Aspergillaceae,g__Aspergillus,s__penicillioides,88,67,324,0,48,0,0,0,0,0,12,39,0,0,0,0,0,0,0,0
k__Fungi,p__Ascomycota,c__Eurotiomycetes,o__Eurotiales,f__Aspergillaceae,g__Aspergillus,s__unguis,0,0,141,0,0,0,0,0,0,0,0,0,0,0,0,0,0,0,0,0
k__Fungi,p__Ascomycota,c__Eurotiomycetes,o__Eurotiales,f__Aspergillaceae,g__Aspergillus,NA,0,65,40,0,0,0,0,0,0,1612,0,0,0,0,0,0,0,0,0,0
k__Fungi,p__Ascomycota,c__Eurotiomycetes,o__Eurotiales,f__Aspergillaceae,g__Paecilomyces,s__maximus,0,0,0,0,0,0,0,0,0,55,0,0,0,0,0,0,0,0,0,0
k__Fungi,p__Ascomycota,c__Eurotiomycetes,o__Eurotiales,f__Aspergillaceae,g__Paecilomyces,NA,0,0,0,0,0,38,126,0,0,0,0,28,1437,0,91,0,0,0,202,1202
k__Fungi,p__Ascomycota,c__Eurotiomycetes,o__Eurotiales,f__Aspergillaceae,g__Penicillium,s__bialowiezense,0,0,77,0,0,0,0,0,0,20,0,0,0,0,0,0,0,0,0,0
k__Fungi,p__Ascomycota,c__Eurotiomycetes,o__Eurotiales,f__Aspergillaceae,g__Penicillium,s__polonicum,0,0,0,0,0,0,0,0,31,0,0,0,0,0,0,0,0,0,0,0
k__Fungi,p__Ascomycota,c__Eurotiomycetes,o__Eurotiales,f__Aspergillaceae,g__Penicillium,NA,1252,3327,2104,2069,1295,10963,11744,0,219,679,164,184,0,0,558,0,318,684,2538,3408
k__Fungi,p__Ascomycota,c__Eurotiomycetes,o__Eurotiales,f__Aspergillaceae,g__Talaromyces,NA,0,8,0,0,0,0,0,0,0,0,0,0,0,0,0,0,0,153,0,0
k__Fungi,p__Ascomycota,c__Eurotiomycetes,o__Phaeomoniellales,f__Phaeomoniellaceae,g__Phaeomoniellaceae_gen_Incertae_sedis,NA,212,0,0,0,0,0,0,0,0,0,0,0,0,0,0,0,0,0,0,0
k__Fungi,p__Ascomycota,c__Eurotiomycetes,o__Phaeomoniellales,NA,NA,NA,0,213,0,0,0,0,0,0,0,0,0,0,0,0,0,0,0,0,0,0
k__Fungi,p__Ascomycota,c__Eurotiomycetes,o__Verrucariales,f__Verrucariaceae,g__Verrucaria,NA,0,0,0,0,0,0,0,0,0,0,0,349,0,0,0,0,0,0,0,0
k__Fungi,p__Ascomycota,c__Lecanoromycetes,o__Lecanorales,f__Parmeliaceae,g__Evernia,s__prunastri,0,0,104,0,0,0,0,0,0,0,0,0,0,0,0,0,0,0,0,0
k__Fungi,p__Ascomycota,c__Lecanoromycetes,o__Lecanorales,f__Scoliciosporaceae,g__Scoliciosporum,s__umbrinum,0,0,0,0,1187,0,0,0,0,0,0,0,0,0,0,0,0,0,0,0
k__Fungi,p__Ascomycota,c__Leotiomycetes,o__Erysiphales,f__Erysiphaceae,g__Erysiphe,s__platani,0,0,0,0,0,0,229,0,0,19,0,0,0,0,0,0,0,0,0,0
k__Fungi,p__Ascomycota,c__Leotiomycetes,o__Erysiphales,f__Erysiphaceae,g__Erysiphe,NA,0,39,0,0,0,0,0,0,0,0,0,0,0,0,0,0,0,0,0,0
k__Fungi,p__Ascomycota,c__Leotiomycetes,o__Helotiales,f__Calloriaceae,g__Calloriaceae_gen_Incertae_sedis,NA,0,0,0,0,0,0,0,0,0,8,0,0,0,0,0,0,0,0,0,0
k__Fungi,p__Ascomycota,c__Leotiomycetes,o__Helotiales,f__Helotiaceae,g__Hymenoscyphus,s__fructigenus,0,0,0,0,0,0,0,0,0,0,0,0,0,0,0,0,0,916,0,0
k__Fungi,p__Ascomycota,c__Leotiomycetes,o__Helotiales,f__Helotiales_fam_Incertae_sedis,g__Cryptocline,s__arctostaphyli,0,0,0,0,314,0,0,0,0,0,0,0,0,0,0,0,0,0,0,0
k__Fungi,p__Ascomycota,c__Leotiomycetes,o__Helotiales,f__Hyaloscyphaceae,g__Incrucipulum,s__ciliare,0,0,117,0,0,0,0,0,0,0,0,110,0,0,0,0,0,0,0,0
k__Fungi,p__Ascomycota,c__Leotiomycetes,o__Helotiales,f__Hyaloscyphaceae,g__Lachnum,NA,0,0,0,0,1149,0,0,0,0,0,0,0,0,0,0,0,0,0,0,0
k__Fungi,p__Ascomycota,c__Leotiomycetes,o__Helotiales,f__Hyaloscyphaceae,NA,NA,0,0,510,0,0,0,0,0,0,0,0,0,0,0,0,0,0,0,0,0
k__Fungi,p__Ascomycota,c__Leotiomycetes,o__Helotiales,f__Sclerotiniaceae,NA,NA,0,0,0,0,0,0,1274,753,0,0,0,0,0,0,174,727,0,0,0,0
k__Fungi,p__Ascomycota,c__Leotiomycetes,o__Helotiales,NA,NA,NA,157,0,1073,0,178,632,0,0,0,31,74,51,0,0,0,0,0,0,0,0
k__Fungi,p__Ascomycota,c__Leotiomycetes,o__Thelebolales,f__Pseudeurotiaceae,g__Pseudogymnoascus,NA,0,0,0,0,0,0,0,0,0,0,0,0,0,0,0,0,191,0,0,0
k__Fungi,p__Ascomycota,c__Leotiomycetes,o__Thelebolales,f__Thelebolaceae,g__Thelebolus,NA,0,0,0,0,0,0,0,0,0,0,0,0,0,0,0,0,245,0,0,0
k__Fungi,p__Ascomycota,c__Leotiomycetes,NA,NA,NA,NA,0,0,0,0,0,0,0,0,596,0,39,0,0,0,0,0,0,0,0,0
k__Fungi,p__Ascomycota,c__Orbiliomycetes,o__Orbiliales,f__Orbiliaceae,g__Orbilia,s__cylindrosoma,218,0,0,0,0,0,0,0,0,0,0,0,0,0,0,0,0,0,0,0
k__Fungi,p__Ascomycota,c__Orbiliomycetes,o__Orbiliales,f__Orbiliaceae,NA,NA,0,0,8233,0,0,0,0,0,0,0,0,0,0,0,0,1415,0,0,0,0
k__Fungi,p__Ascomycota,c__Pezizomycetes,o__Pezizales,f__Discinaceae,g__Discinaceae_gen_Incertae_sedis,NA,19,0,0,0,0,0,0,0,0,0,0,0,0,0,0,0,0,0,0,0
k__Fungi,p__Ascomycota,c__Pezizomycetes,o__Pezizales,f__Pezizaceae,g__Peziza,NA,0,0,0,0,0,0,0,0,0,3,0,0,0,0,0,0,0,0,0,0
k__Fungi,p__Ascomycota,c__Saccharomycetes,o__Saccharomycetales,f__Debaryomycetaceae,g__Debaryomyces,NA,0,0,0,0,0,0,3,0,3,101,0,50,0,0,0,0,0,0,0,0
k__Fungi,p__Ascomycota,c__Saccharomycetes,o__Saccharomycetales,f__Debaryomycetaceae,g__Meyerozyma,NA,0,0,55,0,0,0,0,0,0,0,0,0,0,0,0,0,0,0,0,0
k__Fungi,p__Ascomycota,c__Saccharomycetes,o__Saccharomycetales,f__Saccharomycetaceae,g__Saccharomyces,s__cerevisiae,0,0,12,0,0,0,0,0,0,0,0,0,0,0,0,0,0,14,0,0
k__Fungi,p__Ascomycota,c__Saccharomycetes,o__Saccharomycetales,f__Saccharomycetales_fam_Incertae_sedis,g__Candida,s__parapsilosis,0,0,0,0,37,0,0,0,0,0,0,0,0,0,0,0,0,0,0,0
k__Fungi,p__Ascomycota,c__Saccharomycetes,o__Saccharomycetales,f__Saccharomycetales_fam_Incertae_sedis,g__Candida,s__zeylanoides,0,162,0,0,0,0,0,0,0,0,0,0,0,0,0,0,0,0,0,0
k__Fungi,p__Ascomycota,c__Saccharomycetes,o__Saccharomycetales,f__Saccharomycetales_fam_Incertae_sedis,g__Candida,NA,0,0,0,0,0,0,0,0,0,0,0,0,0,0,0,0,0,91,0,0
k__Fungi,p__Ascomycota,c__Sordariomycetes,o__Calosphaeriales,f__Calosphaeriaceae,g__Jattaea,NA,0,0,0,0,0,0,0,0,0,73,0,0,0,0,0,0,0,0,0,0
k__Fungi,p__Ascomycota,c__Sordariomycetes,o__Diaporthales,f__Diaporthaceae,NA,NA,0,0,0,0,0,0,0,0,0,0,0,715,0,0,0,0,0,0,0,0
k__Fungi,p__Ascomycota,c__Sordariomycetes,o__Diaporthales,f__Gnomoniaceae,g__Gnomoniopsis,s__idaeicola,0,0,0,0,0,0,0,0,0,0,23,0,0,0,0,0,0,0,0,0
k__Fungi,p__Ascomycota,c__Sordariomycetes,o__Diaporthales,f__Valsaceae,g__Valsa,s__sordida,0,59,0,0,0,0,0,0,0,0,0,0,0,0,0,0,0,0,0,0
k__Fungi,p__Ascomycota,c__Sordariomycetes,o__Glomerellales,f__Glomerellaceae,g__Colletotrichum,NA,0,0,0,0,0,0,0,0,0,22,0,0,0,0,0,0,0,0,0,0
k__Fungi,p__Ascomycota,c__Sordariomycetes,o__Glomerellales,f__Plectosphaerellaceae,g__Brunneomyces,s__brunnescens,0,0,0,0,506,0,0,0,0,0,0,0,0,0,0,0,0,0,0,0
k__Fungi,p__Ascomycota,c__Sordariomycetes,o__Hypocreales,f__Bionectriaceae,g__Clonostachys,s__buxi,0,0,0,0,0,0,0,0,0,105,0,0,0,0,0,0,0,0,0,0
k__Fungi,p__Ascomycota,c__Sordariomycetes,o__Hypocreales,f__Bionectriaceae,g__Clonostachys,NA,0,0,0,0,0,0,0,0,0,0,52,0,0,0,0,0,0,0,0,0
k__Fungi,p__Ascomycota,c__Sordariomycetes,o__Hypocreales,f__Bionectriaceae,g__Stanjemonium,s__spectabile,0,0,709,0,0,0,0,0,0,0,0,213,0,0,0,0,0,0,0,0
k__Fungi,p__Ascomycota,c__Sordariomycetes,o__Hypocreales,f__Bionectriaceae,g__Valsonectria,s__portsmouthensis,0,0,0,0,0,0,0,0,0,0,0,44,0,0,0,0,0,0,0,0
k__Fungi,p__Ascomycota,c__Sordariomycetes,o__Hypocreales,f__Bionectriaceae,NA,NA,0,0,0,0,0,0,0,0,0,0,0,0,0,0,0,0,390,0,0,0
k__Fungi,p__Ascomycota,c__Sordariomycetes,o__Hypocreales,f__Clavicipitaceae,g__Claviceps,s__arundinis,0,0,0,0,0,0,0,0,0,195,54,0,0,0,0,0,0,0,0,0
k__Fungi,p__Ascomycota,c__Sordariomycetes,o__Hypocreales,f__Clavicipitaceae,g__Claviceps,s__truncatispora,62,0,0,0,0,0,0,0,0,0,0,0,0,0,0,0,0,0,0,0
k__Fungi,p__Ascomycota,c__Sordariomycetes,o__Hypocreales,f__Cordycipitaceae,g__Beauveria,s__bassiana,328,0,0,0,0,0,0,0,0,0,0,0,0,0,0,0,0,0,0,0
k__Fungi,p__Ascomycota,c__Sordariomycetes,o__Hypocreales,f__Cordycipitaceae,g__Beauveria,s__malawiensis,650,0,0,0,0,0,0,0,0,0,0,0,0,0,0,0,0,0,0,0
k__Fungi,p__Ascomycota,c__Sordariomycetes,o__Hypocreales,f__Cordycipitaceae,g__Beauveria,NA,0,0,288,0,0,0,782,0,0,0,14,0,0,0,0,0,0,0,0,0
k__Fungi,p__Ascomycota,c__Sordariomycetes,o__Hypocreales,f__Cordycipitaceae,g__Lecanicillium,s__dimorphum,62,0,0,0,0,0,0,0,0,0,0,0,0,0,0,0,0,0,0,0
k__Fungi,p__Ascomycota,c__Sordariomycetes,o__Hypocreales,f__Hypocreales_fam_Incertae_sedis,g__Acremonium,s__cavaraeanum,0,0,0,0,0,0,0,0,0,0,55,0,0,0,0,0,0,0,0,0
k__Fungi,p__Ascomycota,c__Sordariomycetes,o__Hypocreales,f__Hypocreales_fam_Incertae_sedis,g__Acremonium,s__fusidioides,0,0,173,0,0,0,0,0,0,0,0,0,0,0,0,0,0,0,0,0
k__Fungi,p__Ascomycota,c__Sordariomycetes,o__Hypocreales,f__Hypocreales_fam_Incertae_sedis,g__Acremonium,s__hyalinulum,0,0,0,0,0,0,0,0,0,0,0,32,0,0,0,0,0,0,0,0
k__Fungi,p__Ascomycota,c__Sordariomycetes,o__Hypocreales,f__Hypocreales_fam_Incertae_sedis,g__Sarocladium,s__kiliense,47,271,109,77,114,0,545,1305,401,40,86,110,2376,556,642,665,359,430,0,4109
k__Fungi,p__Ascomycota,c__Sordariomycetes,o__Hypocreales,f__Hypocreales_fam_Incertae_sedis,g__Sarocladium,s__strictum,312,0,0,0,0,0,0,0,0,0,0,0,0,0,0,0,0,0,0,0
k__Fungi,p__Ascomycota,c__Sordariomycetes,o__Hypocreales,f__Hypocreales_fam_Incertae_sedis,g__Sarocladium,s__subulatum,64,0,0,0,0,0,0,0,0,72,40,0,0,0,0,0,0,0,0,0
k__Fungi,p__Ascomycota,c__Sordariomycetes,o__Hypocreales,f__Hypocreales_fam_Incertae_sedis,g__Sarocladium,s__zeae,0,0,0,0,0,0,0,0,0,0,86,0,0,0,0,0,0,386,0,0
k__Fungi,p__Ascomycota,c__Sordariomycetes,o__Hypocreales,f__Hypocreales_fam_Incertae_sedis,g__Sarocladium,NA,0,0,299,0,0,0,0,515,0,0,0,0,0,0,0,0,0,39,0,0
k__Fungi,p__Ascomycota,c__Sordariomycetes,o__Hypocreales,f__Nectriaceae,g__Fusarium,NA,32,0,0,0,0,0,0,807,584,4745,540,0,0,0,0,0,469,0,0,0
k__Fungi,p__Ascomycota,c__Sordariomycetes,o__Hypocreales,f__Niessliaceae,g__Niesslia,NA,0,0,0,0,0,0,0,0,0,0,25,0,0,0,0,0,0,0,0,0
k__Fungi,p__Ascomycota,c__Sordariomycetes,o__Hypocreales,f__Ophiocordycipitaceae,g__Purpureocillium,NA,0,0,0,0,0,0,0,0,0,0,0,0,0,0,0,0,0,187,0,0
k__Fungi,p__Ascomycota,c__Sordariomycetes,o__Hypocreales,f__Stachybotryaceae,g__Striaticonidium,s__humicola,0,0,0,0,0,0,0,0,0,0,0,0,0,0,0,0,0,458,0,0
k__Fungi,p__Ascomycota,c__Sordariomycetes,o__Hypocreales,NA,NA,NA,0,0,281,0,0,0,0,0,69,0,0,0,0,0,0,900,0,0,0,0
k__Fungi,p__Ascomycota,c__Sordariomycetes,o__Melanosporales,f__Melanosporaceae,g__Melanospora,s__damnosa,0,0,0,0,0,0,0,0,0,0,0,0,0,0,0,9,0,0,0,0
k__Fungi,p__Ascomycota,c__Sordariomycetes,o__Microascales,f__Microascaceae,NA,NA,0,0,0,0,0,0,0,0,0,0,0,75,0,0,0,0,0,0,0,0
k__Fungi,p__Ascomycota,c__Sordariomycetes,o__Myrmecridiales,f__Myrmecridiaceae,g__Myrmecridium,NA,0,0,0,0,0,0,0,0,0,0,55,0,0,708,0,0,0,0,0,0
k__Fungi,p__Ascomycota,c__Sordariomycetes,o__Sordariales,f__Chaetomiaceae,g__Chaetomium,NA,12,0,0,0,127,0,0,0,0,0,0,0,0,0,0,0,0,0,0,0
k__Fungi,p__Ascomycota,c__Sordariomycetes,o__Sordariales,f__Chaetomiaceae,g__Melanocarpus,s__albomyces,0,0,0,0,0,0,0,0,0,0,0,0,0,0,0,0,1101,0,0,0
k__Fungi,p__Ascomycota,c__Sordariomycetes,o__Sordariales,f__Chaetomiaceae,NA,NA,0,0,0,0,0,0,0,0,629,0,0,0,0,0,0,0,0,0,0,0
k__Fungi,p__Ascomycota,c__Sordariomycetes,o__Sordariales,f__Lasiosphaeriaceae,g__Apodus,NA,0,621,0,0,0,0,0,0,0,0,0,0,0,0,0,0,0,0,0,0
k__Fungi,p__Ascomycota,c__Sordariomycetes,o__Togniniales,f__Togniniaceae,g__Phaeoacremonium,NA,0,0,0,0,0,0,0,0,0,0,0,0,0,101,0,0,0,0,0,0
k__Fungi,p__Ascomycota,c__Sordariomycetes,o__Trichosphaeriales,f__Trichosphaeriaceae,g__Nigrospora,NA,0,0,0,0,0,0,0,0,1062,20,436,148,0,0,0,0,0,0,0,0
k__Fungi,p__Ascomycota,c__Sordariomycetes,o__Xylariales,f__Apiosporaceae,g__Apiospora,s__esporlensis,0,0,52,0,0,0,0,0,0,0,0,0,0,0,0,0,0,0,0,0
k__Fungi,p__Ascomycota,c__Sordariomycetes,o__Xylariales,f__Apiosporaceae,g__Apiospora,s__kogelbergensis,0,0,0,0,0,0,2106,0,0,0,0,0,0,0,0,0,0,0,0,0
k__Fungi,p__Ascomycota,c__Sordariomycetes,o__Xylariales,f__Apiosporaceae,NA,NA,0,0,0,0,0,0,0,0,505,0,0,0,0,0,0,0,0,0,0,0
k__Fungi,p__Ascomycota,c__Sordariomycetes,o__Xylariales,f__Diatrypaceae,g__Cryptovalsa,s__ampelina,0,0,0,0,0,0,0,0,0,0,21,0,0,0,0,0,0,0,0,0
k__Fungi,p__Ascomycota,c__Sordariomycetes,o__Xylariales,f__Diatrypaceae,g__Eutypa,s__consobrina,0,0,0,0,0,0,0,0,87,0,0,0,0,0,0,0,0,0,0,0
k__Fungi,p__Ascomycota,c__Sordariomycetes,o__Xylariales,f__Diatrypaceae,g__Eutypella,s__quaternata,0,0,306,0,0,0,0,0,0,0,0,0,0,0,0,0,0,0,0,0
k__Fungi,p__Ascomycota,c__Sordariomycetes,o__Xylariales,f__Graphostromataceae,g__Biscogniauxia,s__rosacearum,0,0,0,0,0,0,0,0,0,0,29,0,0,0,0,0,0,0,0,0
k__Fungi,p__Ascomycota,c__Sordariomycetes,o__Xylariales,f__Hypoxylaceae,g__Hypoxylon,s__griseobrunneum,354,2402,776,1517,600,6786,5923,1341,0,0,0,0,0,0,0,0,0,0,0,0
k__Fungi,p__Ascomycota,c__Sordariomycetes,o__Xylariales,f__Xylariaceae,g__Anthostomella,s__lamiacearum,0,0,0,0,0,9208,0,0,0,0,0,0,0,0,0,0,0,0,0,0
k__Fungi,p__Ascomycota,c__Sordariomycetes,o__Xylariales,f__Xylariaceae,NA,NA,0,254,0,0,0,0,0,0,0,0,0,0,0,0,0,0,0,0,0,0
k__Fungi,p__Ascomycota,c__Sordariomycetes,o__Xylariales,f__Xylariales_fam_Incertae_sedis,g__Hansfordia,s__pruni,0,0,450,0,0,0,0,0,0,0,0,0,0,0,0,0,0,0,0,0
k__Fungi,p__Ascomycota,c__Sordariomycetes,o__Xylariales,NA,NA,NA,0,0,866,70,0,0,0,0,665,345,32,154,0,0,0,0,0,0,0,0
k__Fungi,p__Ascomycota,c__Sordariomycetes,NA,NA,NA,NA,115,0,0,0,0,0,0,0,0,118,0,0,0,0,0,0,0,0,0,0
k__Fungi,p__Ascomycota,c__Taphrinomycetes,o__Taphrinales,f__Taphrinaceae,g__Taphrina,s__carpini,0,0,0,0,0,0,0,0,412,0,99,0,0,0,0,0,0,0,0,0
k__Fungi,p__Ascomycota,c__Taphrinomycetes,o__Taphrinales,f__Taphrinaceae,g__Taphrina,NA,74,0,1645,0,0,0,0,0,0,230,0,0,0,0,0,0,0,0,0,0
k__Fungi,p__Ascomycota,c__Taphrinomycetes,o__Taphrinales,f__Taphrinaceae,g__Taphrinaceae_gen_Incertae_sedis,NA,0,0,0,0,0,0,0,0,0,159,0,0,0,0,0,0,0,0,0,0
k__Fungi,p__Ascomycota,c__Taphrinomycetes,o__Taphrinales,f__Taphrinaceae,NA,NA,0,0,0,0,0,0,0,0,0,116,0,0,0,0,0,0,0,0,2077,0
k__Fungi,p__Ascomycota,NA,NA,NA,NA,NA,576,638,6502,15,35,0,2621,0,1155,580,78,250,0,0,110,0,657,0,320,0
k__Fungi,p__Basidiomycota,c__Agaricomycetes,o__Agaricales,f__Agaricaceae,g__Agaricus,s__cupressophilus,0,0,0,0,0,0,0,0,0,65,0,0,0,0,0,0,0,0,0,0
k__Fungi,p__Basidiomycota,c__Agaricomycetes,o__Agaricales,f__Agaricaceae,g__Agaricus,NA,0,0,0,182,0,0,0,0,0,0,0,0,0,0,0,0,0,0,0,0
k__Fungi,p__Basidiomycota,c__Agaricomycetes,o__Agaricales,f__Crepidotaceae,g__Crepidotus,NA,0,0,49,0,0,0,0,0,0,0,44,0,0,0,0,0,0,0,0,0
k__Fungi,p__Basidiomycota,c__Agaricomycetes,o__Agaricales,f__Cystostereaceae,g__Cystostereaceae_gen_Incertae_sedis,NA,840,0,0,0,0,0,0,0,0,0,0,0,0,0,0,0,0,0,0,0
k__Fungi,p__Basidiomycota,c__Agaricomycetes,o__Agaricales,f__Entolomataceae,g__Entoloma,s__byssisedum,0,0,0,0,0,0,0,0,0,0,0,47,0,0,0,0,0,0,0,0
k__Fungi,p__Basidiomycota,c__Agaricomycetes,o__Agaricales,f__Hygrophoraceae,g__Arrhenia,NA,0,0,0,0,0,0,0,0,0,156,0,0,0,0,0,0,0,0,0,0
k__Fungi,p__Basidiomycota,c__Agaricomycetes,o__Agaricales,f__Lyophyllaceae,g__Lyophyllum,s__decastes,0,0,0,0,0,0,523,0,0,0,0,0,0,0,0,0,0,0,0,0
k__Fungi,p__Basidiomycota,c__Agaricomycetes,o__Agaricales,f__Mycenaceae,g__Mycena,s__leptocephala,29,0,0,0,0,0,0,0,0,0,52,0,0,0,0,0,0,0,0,0
k__Fungi,p__Basidiomycota,c__Agaricomycetes,o__Agaricales,f__Mycenaceae,g__Mycena,NA,83,123,0,0,0,0,0,627,0,142,0,0,0,0,0,0,899,0,0,0
k__Fungi,p__Basidiomycota,c__Agaricomycetes,o__Agaricales,f__Omphalotaceae,g__Gymnopus,s__brassicolens,0,0,0,0,0,0,0,0,0,226,0,0,0,0,0,0,0,0,0,0
k__Fungi,p__Basidiomycota,c__Agaricomycetes,o__Agaricales,f__Omphalotaceae,g__Gymnopus,s__quercophilus,280,0,0,0,0,0,0,0,0,0,0,131,0,0,0,0,0,0,0,0
k__Fungi,p__Basidiomycota,c__Agaricomycetes,o__Agaricales,f__Omphalotaceae,g__Gymnopus,NA,0,0,109,0,0,0,0,0,0,0,0,0,0,0,0,0,0,0,0,0
k__Fungi,p__Basidiomycota,c__Agaricomycetes,o__Agaricales,f__Omphalotaceae,g__Lentinula,s__edodes,0,0,0,0,0,0,0,0,0,0,0,86,0,0,0,1937,0,0,814,0
k__Fungi,p__Basidiomycota,c__Agaricomycetes,o__Agaricales,f__Omphalotaceae,g__Rhodocollybia,s__butyracea,0,0,245,0,0,0,0,0,0,106,0,0,0,0,0,0,0,0,0,0
k__Fungi,p__Basidiomycota,c__Agaricomycetes,o__Agaricales,f__Physalacriaceae,g__Cylindrobasidium,s__torrendii,0,0,0,0,0,0,0,0,0,274,0,0,0,0,0,0,0,0,0,0
k__Fungi,p__Basidiomycota,c__Agaricomycetes,o__Agaricales,f__Physalacriaceae,g__Flammulina,s__filiformis,0,27,0,538,0,0,0,0,0,0,9,0,0,0,0,0,0,0,0,0
k__Fungi,p__Basidiomycota,c__Agaricomycetes,o__Agaricales,f__Physalacriaceae,g__Strobilurus,s__luchuensis,0,0,0,0,0,0,0,0,0,0,0,0,0,0,0,0,5,0,0,0
k__Fungi,p__Basidiomycota,c__Agaricomycetes,o__Agaricales,f__Pleurotaceae,g__Pleurotus,s__ostreatus,0,0,152,0,0,0,0,0,0,64,0,0,0,0,0,0,0,0,0,0
k__Fungi,p__Basidiomycota,c__Agaricomycetes,o__Agaricales,f__Psathyrellaceae,g__Coprinellus,s__ephemerus,0,0,66,0,0,0,0,0,0,0,0,0,0,0,0,0,0,0,0,0
k__Fungi,p__Basidiomycota,c__Agaricomycetes,o__Agaricales,f__Psathyrellaceae,g__Coprinopsis,s__stercorea,0,0,0,0,0,0,0,0,0,0,0,94,0,0,0,0,0,0,0,0
k__Fungi,p__Basidiomycota,c__Agaricomycetes,o__Agaricales,f__Psathyrellaceae,g__Coprinopsis,NA,108,0,0,0,0,0,0,0,0,0,0,0,0,0,0,0,0,0,0,0
k__Fungi,p__Basidiomycota,c__Agaricomycetes,o__Agaricales,f__Psathyrellaceae,g__Psathyrella,s__fatua,0,0,0,0,0,0,0,0,0,72,0,0,0,0,0,0,0,0,0,0
k__Fungi,p__Basidiomycota,c__Agaricomycetes,o__Agaricales,f__Psathyrellaceae,NA,NA,0,0,0,0,0,0,0,0,25,0,0,0,0,0,0,0,0,0,0,0
k__Fungi,p__Basidiomycota,c__Agaricomycetes,o__Agaricales,f__Pterulaceae,g__Coronicium,NA,13,0,0,0,0,0,0,0,0,0,0,0,0,0,0,0,0,0,0,0
k__Fungi,p__Basidiomycota,c__Agaricomycetes,o__Agaricales,f__Radulomycetaceae,g__Radulomyces,s__molaris,0,0,0,0,0,0,0,0,0,0,0,69,0,0,0,0,0,0,0,0
k__Fungi,p__Basidiomycota,c__Agaricomycetes,o__Agaricales,f__Radulomycetaceae,g__Radulomyces,NA,0,0,1004,0,0,0,0,0,0,0,0,0,0,0,0,0,0,0,0,0
k__Fungi,p__Basidiomycota,c__Agaricomycetes,o__Agaricales,f__Stephanosporaceae,NA,NA,0,0,0,0,101,0,0,0,0,0,0,0,0,0,0,0,0,0,0,0
k__Fungi,p__Basidiomycota,c__Agaricomycetes,o__Agaricales,f__Strophariaceae,g__Pholiota,s__conissans,0,0,152,0,0,0,0,0,0,0,0,0,0,0,0,0,0,0,0,0
k__Fungi,p__Basidiomycota,c__Agaricomycetes,o__Agaricales,f__Strophariaceae,g__Pholiota,s__terrestris,0,0,0,0,0,0,0,0,0,763,0,0,0,0,0,0,0,0,0,0
k__Fungi,p__Basidiomycota,c__Agaricomycetes,o__Agaricales,f__Tricholomataceae,g__Baeospora,s__myosura,0,0,39,0,0,0,0,0,0,0,0,0,0,0,0,0,0,0,0,0
k__Fungi,p__Basidiomycota,c__Agaricomycetes,o__Agaricales,f__Tricholomataceae,g__Clitocybe,s__rivulosa,0,66,0,0,0,0,0,0,0,0,0,0,0,0,0,0,0,0,0,0
k__Fungi,p__Basidiomycota,c__Agaricomycetes,o__Agaricales,f__Tricholomataceae,g__Hemimycena,s__lactea,0,0,0,0,0,0,0,0,15,0,0,0,0,0,0,0,0,0,0,0
k__Fungi,p__Basidiomycota,c__Agaricomycetes,o__Agaricales,f__Tricholomataceae,g__Leucopaxillus,s__laterarius,0,0,0,0,0,0,0,0,0,169,0,0,0,0,0,0,0,0,0,0
k__Fungi,p__Basidiomycota,c__Agaricomycetes,o__Agaricales,f__Tricholomataceae,g__Resupinatus,s__trichotis,157,0,0,0,0,0,0,0,0,0,0,0,0,0,0,0,0,0,0,0
k__Fungi,p__Basidiomycota,c__Agaricomycetes,o__Agaricales,f__Tricholomataceae,g__Tricholoma,NA,0,0,46,0,0,0,0,0,0,0,0,0,0,0,0,0,0,0,0,0
k__Fungi,p__Basidiomycota,c__Agaricomycetes,o__Agaricales,f__Tricholomataceae,g__Tricholosporum,NA,0,0,0,0,0,0,0,0,0,195,0,0,0,0,0,0,0,0,0,0
k__Fungi,p__Basidiomycota,c__Agaricomycetes,o__Agaricales,f__Tricholomataceae,g__Xeromphalina,s__brevipes,0,0,0,0,0,0,0,0,0,0,0,102,0,0,0,0,0,0,0,0
k__Fungi,p__Basidiomycota,c__Agaricomycetes,o__Agaricales,f__Typhulaceae,g__Typhula,s__sclerotioides,0,0,0,0,0,0,0,0,6,0,0,0,0,0,0,0,0,0,0,0
k__Fungi,p__Basidiomycota,c__Agaricomycetes,o__Agaricomycetes_ord_Incertae_sedis,f__Xenasmataceae,g__Xenasmatella,s__christiansenii,0,0,0,0,454,0,0,0,0,0,0,0,0,0,0,0,0,0,0,0
k__Fungi,p__Basidiomycota,c__Agaricomycetes,o__Amylocorticiales,f__Amylocorticiaceae,g__Amyloxenasma,s__allantosporum,0,0,0,0,0,0,0,0,0,0,0,30,0,0,304,0,0,0,0,0
k__Fungi,p__Basidiomycota,c__Agaricomycetes,o__Amylocorticiales,f__Amylocorticiaceae,NA,NA,0,0,0,0,0,0,0,0,103,0,0,0,0,0,0,0,0,0,0,0
k__Fungi,p__Basidiomycota,c__Agaricomycetes,o__Atheliales,f__Atheliaceae,g__Athelia,NA,0,0,0,0,0,0,0,0,0,0,0,12,0,76,0,0,0,0,0,0
k__Fungi,p__Basidiomycota,c__Agaricomycetes,o__Atheliales,f__Tylosporaceae,g__Amphinema,NA,378,0,0,0,0,0,0,0,0,0,0,0,0,0,0,0,0,0,0,0
k__Fungi,p__Basidiomycota,c__Agaricomycetes,o__Atheliales,f__Tylosporaceae,g__Tylosporaceae_gen_Incertae_sedis,NA,0,0,0,0,0,0,0,0,0,0,14,0,0,0,0,0,0,0,0,0
k__Fungi,p__Basidiomycota,c__Agaricomycetes,o__Atheliales,NA,NA,NA,0,0,0,0,0,0,327,0,0,0,0,0,0,0,0,0,0,0,0,0
k__Fungi,p__Basidiomycota,c__Agaricomycetes,o__Auriculariales,f__Exidiaceae,g__Exidiopsis,s__effusa,0,0,344,0,0,0,0,0,0,0,0,0,0,0,0,0,0,0,0,0
k__Fungi,p__Basidiomycota,c__Agaricomycetes,o__Auriculariales,f__Exidiaceae,g__Exidiopsis,NA,264,0,0,0,0,0,0,0,0,0,0,0,0,0,0,0,0,0,0,0
k__Fungi,p__Basidiomycota,c__Agaricomycetes,o__Auriculariales,f__Hyaloriaceae,g__Myxarium,s__hyalinum,0,79,0,0,0,0,0,0,0,0,0,0,0,0,0,0,0,0,0,0
k__Fungi,p__Basidiomycota,c__Agaricomycetes,o__Auriculariales,NA,NA,NA,0,0,31,0,0,0,0,0,0,0,0,0,0,0,0,0,0,0,0,0
k__Fungi,p__Basidiomycota,c__Agaricomycetes,o__Cantharellales,f__Botryobasidiaceae,g__Botryobasidium,s__candicans,0,0,0,0,0,0,0,0,0,0,24,0,0,0,0,0,0,0,0,0
k__Fungi,p__Basidiomycota,c__Agaricomycetes,o__Cantharellales,f__Botryobasidiaceae,g__Botryobasidium,s__subcoronatum,0,0,72,0,0,0,0,0,0,92,0,0,0,0,0,0,0,0,0,0
k__Fungi,p__Basidiomycota,c__Agaricomycetes,o__Cantharellales,f__Ceratobasidiaceae,g__Ceratobasidiaceae_gen_Incertae_sedis,NA,0,0,0,0,0,0,0,0,0,0,0,0,0,0,0,0,183,0,0,0
k__Fungi,p__Basidiomycota,c__Agaricomycetes,o__Cantharellales,f__Ceratobasidiaceae,NA,NA,1919,0,398,0,0,0,0,0,20,0,0,0,0,0,0,0,0,0,0,0
k__Fungi,p__Basidiomycota,c__Agaricomycetes,o__Cantharellales,f__Hydnaceae,g__Burgoa,NA,0,0,0,3245,0,0,517,0,434,0,33,280,0,0,0,0,0,0,0,0
k__Fungi,p__Basidiomycota,c__Agaricomycetes,o__Cantharellales,f__Hydnaceae,g__Sistotrema,s__brinkmannii,0,280,0,110,0,0,0,0,0,0,0,0,0,0,0,0,0,578,0,0
k__Fungi,p__Basidiomycota,c__Agaricomycetes,o__Cantharellales,f__Hydnaceae,g__Sistotrema,s__diademiferum,0,0,0,0,0,0,0,773,0,0,0,0,0,0,0,0,0,0,0,0
k__Fungi,p__Basidiomycota,c__Agaricomycetes,o__Cantharellales,NA,NA,NA,0,0,0,0,0,0,0,0,0,0,0,0,0,0,0,756,0,0,0,0
k__Fungi,p__Basidiomycota,c__Agaricomycetes,o__Corticiales,f__Corticiaceae,g__Limonomyces,s__culmigenus,14,0,0,0,0,0,0,0,0,0,0,0,0,0,0,0,0,0,0,0
k__Fungi,p__Basidiomycota,c__Agaricomycetes,o__Corticiales,f__Punctulariaceae,g__Punctularia,s__atropurpurascens,0,0,0,0,0,0,0,0,0,109,0,0,0,0,0,0,0,0,0,0
k__Fungi,p__Basidiomycota,c__Agaricomycetes,o__Corticiales,f__Vuilleminiaceae,g__Vuilleminia,s__alni,630,0,0,0,0,0,0,0,0,0,0,0,0,0,0,0,0,0,0,0
k__Fungi,p__Basidiomycota,c__Agaricomycetes,o__Corticiales,f__Vuilleminiaceae,g__Vuilleminia,NA,48,0,0,0,0,0,0,0,0,174,0,251,0,0,0,0,227,0,0,0
k__Fungi,p__Basidiomycota,c__Agaricomycetes,o__Gloeophyllales,f__Gloeophyllaceae,g__Neolentinus,s__kauffmanii,0,0,0,0,0,0,0,0,0,0,0,0,3077,0,0,0,0,0,0,0
k__Fungi,p__Basidiomycota,c__Agaricomycetes,o__Gomphales,f__Gomphaceae,NA,NA,7,0,0,0,0,0,0,0,0,0,0,0,0,0,0,0,0,0,0,0
k__Fungi,p__Basidiomycota,c__Agaricomycetes,o__Gomphales,f__Lentariaceae,g__Kavinia,NA,0,0,0,0,0,0,0,0,0,0,57,0,0,0,0,0,0,0,0,0
k__Fungi,p__Basidiomycota,c__Agaricomycetes,o__Hymenochaetales,f__Hymenochaetaceae,g__Fuscoporia,s__ferruginosa,0,0,73,0,0,0,0,0,0,0,0,0,0,0,0,0,0,0,0,0
k__Fungi,p__Basidiomycota,c__Agaricomycetes,o__Hymenochaetales,f__Hymenochaetaceae,g__Fuscoporia,s__torulosa,132,0,177,0,0,0,0,0,0,0,0,0,0,0,0,0,0,0,0,0
k__Fungi,p__Basidiomycota,c__Agaricomycetes,o__Hymenochaetales,f__Hymenochaetaceae,g__Hymenochaetaceae_gen_Incertae_sedis,NA,0,0,0,0,0,0,0,0,0,0,0,77,0,0,0,0,0,0,0,0
k__Fungi,p__Basidiomycota,c__Agaricomycetes,o__Hymenochaetales,f__Hymenochaetaceae,g__Hymenochaete,s__xerantica,0,138,0,0,0,0,0,0,0,0,0,0,0,0,0,938,431,0,0,0
k__Fungi,p__Basidiomycota,c__Agaricomycetes,o__Hymenochaetales,f__Hymenochaetaceae,g__Phellinus,s__rhamni,0,0,85,98,0,0,0,0,204,0,0,0,0,0,0,0,0,0,0,0
k__Fungi,p__Basidiomycota,c__Agaricomycetes,o__Hymenochaetales,f__Hymenochaetales_fam_Incertae_sedis,g__Hymenochaetales_gen_Incertae_sedis,NA,19,0,0,0,0,0,0,0,0,0,0,0,0,0,0,0,0,0,0,0
k__Fungi,p__Basidiomycota,c__Agaricomycetes,o__Hymenochaetales,f__Hymenochaetales_fam_Incertae_sedis,g__Trichaptum,NA,0,0,0,0,26,0,0,0,0,0,27,0,0,0,0,0,0,0,0,0
k__Fungi,p__Basidiomycota,c__Agaricomycetes,o__Hymenochaetales,f__Rickenellaceae,g__Peniophorella,s__pallida,8,0,0,0,0,0,0,0,0,0,0,0,0,0,0,0,0,0,0,0
k__Fungi,p__Basidiomycota,c__Agaricomycetes,o__Hymenochaetales,f__Rickenellaceae,g__Peniophorella,s__praetermissa,0,0,170,0,0,0,0,0,0,0,0,0,0,0,0,0,0,0,0,0
k__Fungi,p__Basidiomycota,c__Agaricomycetes,o__Hymenochaetales,f__Rickenellaceae,g__Peniophorella,s__pubera,0,0,0,0,0,0,0,0,309,0,0,0,0,0,0,0,0,0,0,0
k__Fungi,p__Basidiomycota,c__Agaricomycetes,o__Hymenochaetales,f__Schizoporaceae,g__Fasciodontia,s__bugellensis,0,0,0,0,0,0,0,0,0,220,0,0,0,0,0,0,0,0,0,0
k__Fungi,p__Basidiomycota,c__Agaricomycetes,o__Hymenochaetales,f__Schizoporaceae,g__Hyphodontia,s__arguta,0,0,312,0,0,0,0,0,0,0,0,0,0,0,0,0,0,0,0,0
k__Fungi,p__Basidiomycota,c__Agaricomycetes,o__Hymenochaetales,f__Schizoporaceae,g__Hyphodontia,s__pallidula,0,0,0,0,0,0,0,0,0,0,44,0,0,0,0,0,0,0,0,0
k__Fungi,p__Basidiomycota,c__Agaricomycetes,o__Hymenochaetales,f__Schizoporaceae,g__Lyomyces,NA,46,0,0,0,0,0,0,0,0,0,0,0,0,0,0,0,0,0,0,0
k__Fungi,p__Basidiomycota,c__Agaricomycetes,o__Hymenochaetales,f__Schizoporaceae,g__Xylodon,s__crustosus,0,0,2393,0,0,0,0,0,0,0,63,0,0,0,0,0,0,0,0,0
k__Fungi,p__Basidiomycota,c__Agaricomycetes,o__Hymenochaetales,f__Schizoporaceae,g__Xylodon,s__nespori,0,0,0,0,0,0,0,0,0,60,0,80,0,0,0,0,0,0,0,0
k__Fungi,p__Basidiomycota,c__Agaricomycetes,o__Hymenochaetales,f__Schizoporaceae,g__Xylodon,NA,0,34,79,0,0,0,0,0,0,113,0,0,0,0,0,0,0,0,0,0
k__Fungi,p__Basidiomycota,c__Agaricomycetes,o__Hymenochaetales,f__Tubulicrinaceae,g__Tubulicrinis,s__calothrix,0,0,0,0,0,0,0,0,0,180,0,0,0,0,0,0,0,0,0,0
k__Fungi,p__Basidiomycota,c__Agaricomycetes,o__Polyporales,f__Cerrenaceae,g__Cerrena,s__aurantiopora,0,249,0,0,0,0,0,0,0,0,0,293,0,0,0,967,0,389,0,0
k__Fungi,p__Basidiomycota,c__Agaricomycetes,o__Polyporales,f__Cerrenaceae,g__Cerrena,NA,0,0,0,0,0,0,0,0,0,27,0,0,0,0,0,0,0,0,0,0
k__Fungi,p__Basidiomycota,c__Agaricomycetes,o__Polyporales,f__Dacryobolaceae,g__Dacryobolus,s__karstenii,179,0,0,0,0,0,0,0,0,0,0,0,0,0,0,0,0,0,0,0
k__Fungi,p__Basidiomycota,c__Agaricomycetes,o__Polyporales,f__Fomitopsidaceae,g__Amyloporia,s__sinuosa,0,0,0,0,0,0,0,0,0,0,75,0,0,0,0,891,0,3,0,0
k__Fungi,p__Basidiomycota,c__Agaricomycetes,o__Polyporales,f__Fomitopsidaceae,g__Fibroporia,s__albicans,0,0,277,0,0,0,0,0,0,0,0,0,0,0,0,0,0,0,0,0
k__Fungi,p__Basidiomycota,c__Agaricomycetes,o__Polyporales,f__Fomitopsidaceae,g__Postia,s__undosa,0,0,0,0,0,0,0,0,0,0,0,0,0,0,0,690,0,0,0,0
k__Fungi,p__Basidiomycota,c__Agaricomycetes,o__Polyporales,f__Fomitopsidaceae,g__Sarcoporia,s__polyspora,0,0,0,0,0,0,0,0,0,67,0,0,0,0,0,0,0,0,0,0
k__Fungi,p__Basidiomycota,c__Agaricomycetes,o__Polyporales,f__Incrustoporiaceae,g__Skeletocutis,s__odora,0,0,0,0,0,0,0,0,0,0,0,0,0,0,0,0,0,344,0,0
k__Fungi,p__Basidiomycota,c__Agaricomycetes,o__Polyporales,f__Incrustoporiaceae,g__Skeletocutis,NA,0,0,0,0,0,0,0,0,0,55,0,0,0,0,0,0,0,0,0,0
k__Fungi,p__Basidiomycota,c__Agaricomycetes,o__Polyporales,f__Irpicaceae,g__Meruliopsis,s__faginea,0,0,0,1140,143,0,0,0,0,0,0,0,0,0,0,0,0,0,0,0
k__Fungi,p__Basidiomycota,c__Agaricomycetes,o__Polyporales,f__Irpicaceae,g__Trametopsis,NA,0,0,0,226,0,0,0,0,0,0,0,0,0,0,0,0,0,0,0,0
k__Fungi,p__Basidiomycota,c__Agaricomycetes,o__Polyporales,f__Meripilaceae,g__Rigidoporus,s__cuneatus,0,94,0,0,0,0,0,0,0,0,2,0,0,0,0,236,0,253,0,6
k__Fungi,p__Basidiomycota,c__Agaricomycetes,o__Polyporales,f__Meruliaceae,g__Mycoacia,s__uda,0,0,0,0,0,0,0,0,0,0,56,0,0,0,0,0,0,0,0,0
k__Fungi,p__Basidiomycota,c__Agaricomycetes,o__Polyporales,f__Meruliaceae,g__Phlebia,s__margaritae,0,0,0,0,0,0,0,0,0,78,0,0,0,0,0,0,0,0,0,0
k__Fungi,p__Basidiomycota,c__Agaricomycetes,o__Polyporales,f__Meruliaceae,g__Phlebia,s__tremellosa,0,335,0,0,0,0,0,0,0,0,0,0,0,0,0,0,0,0,0,0
k__Fungi,p__Basidiomycota,c__Agaricomycetes,o__Polyporales,f__Meruliaceae,g__Phlebia,s__tuberculata,0,0,0,0,0,0,0,0,0,0,0,32,0,0,0,0,0,0,0,0
k__Fungi,p__Basidiomycota,c__Agaricomycetes,o__Polyporales,f__Meruliaceae,g__Phlebia,NA,0,47,61,0,0,0,0,0,0,0,165,0,0,0,0,0,0,0,0,0
k__Fungi,p__Basidiomycota,c__Agaricomycetes,o__Polyporales,f__Phanerochaetaceae,g__Bjerkandera,NA,0,345,0,0,0,0,587,0,0,146,33,0,0,652,0,1437,200,1052,0,0
k__Fungi,p__Basidiomycota,c__Agaricomycetes,o__Polyporales,f__Phanerochaetaceae,g__Phaeophlebiopsis,s__peniophoroides,0,0,0,0,0,0,0,0,0,59,0,0,0,0,0,0,0,0,0,0
k__Fungi,p__Basidiomycota,c__Agaricomycetes,o__Polyporales,f__Phanerochaetaceae,g__Phanerochaete,s__ginnsii,0,0,0,0,0,0,0,0,0,125,0,0,0,0,0,0,0,0,0,0
k__Fungi,p__Basidiomycota,c__Agaricomycetes,o__Polyporales,f__Phanerochaetaceae,g__Phlebiopsis,NA,0,0,13,0,0,0,0,0,0,0,0,0,0,0,0,0,0,0,0,0
k__Fungi,p__Basidiomycota,c__Agaricomycetes,o__Polyporales,f__Phanerochaetaceae,g__Terana,s__coerulea,0,0,0,0,0,0,0,0,0,0,26,0,0,0,0,0,0,0,0,0
k__Fungi,p__Basidiomycota,c__Agaricomycetes,o__Polyporales,f__Polyporaceae,g__Coriolopsis,s__gallica,0,0,0,0,0,0,0,0,0,0,0,245,0,0,0,0,0,0,0,0
k__Fungi,p__Basidiomycota,c__Agaricomycetes,o__Polyporales,f__Polyporaceae,g__Daedaleopsis,s__confragosa,0,0,0,22,0,0,180,0,0,358,124,0,0,1020,49,0,214,418,0,0
k__Fungi,p__Basidiomycota,c__Agaricomycetes,o__Polyporales,f__Polyporaceae,g__Lenzites,s__betulina,0,317,0,0,0,0,0,0,0,0,4,108,0,0,0,0,0,476,0,0
k__Fungi,p__Basidiomycota,c__Agaricomycetes,o__Polyporales,f__Polyporaceae,g__Perenniporia,NA,0,0,55,0,0,0,0,0,0,0,0,0,0,0,0,0,0,0,0,0
k__Fungi,p__Basidiomycota,c__Agaricomycetes,o__Polyporales,f__Polyporaceae,g__Trametes,s__elegans,0,0,0,0,0,0,0,0,0,0,10,0,0,0,0,0,0,0,0,0
k__Fungi,p__Basidiomycota,c__Agaricomycetes,o__Polyporales,f__Polyporaceae,g__Trametes,s__hirsuta,0,0,0,0,0,0,0,0,0,203,0,0,0,0,0,0,0,0,0,0
k__Fungi,p__Basidiomycota,c__Agaricomycetes,o__Polyporales,f__Polyporaceae,g__Trametes,s__versicolor,65,5057,0,496,151,395,0,0,0,1599,444,217,0,1351,259,5147,0,261,0,0
k__Fungi,p__Basidiomycota,c__Agaricomycetes,o__Polyporales,f__Polyporaceae,g__Trametes,NA,0,0,0,80,0,0,0,0,0,157,16,0,0,0,0,0,0,0,0,4
k__Fungi,p__Basidiomycota,c__Agaricomycetes,o__Polyporales,f__Polyporales_fam_Incertae_sedis,g__Crustoderma,s__dryinum,120,0,0,0,0,0,0,0,0,0,0,0,0,0,0,0,0,0,0,0
k__Fungi,p__Basidiomycota,c__Agaricomycetes,o__Polyporales,f__Polyporales_fam_Incertae_sedis,g__Pycnoporellus,s__fulgens,0,0,0,0,0,0,0,0,674,0,0,0,0,0,0,0,0,0,0,0
k__Fungi,p__Basidiomycota,c__Agaricomycetes,o__Polyporales,f__Steccherinaceae,g__Cabalodontia,s__subcretacea,0,0,0,0,0,0,0,0,0,0,0,0,0,0,0,0,116,0,0,0
k__Fungi,p__Basidiomycota,c__Agaricomycetes,o__Polyporales,f__Steccherinaceae,g__Fibricium,NA,0,85,0,0,0,0,0,0,0,0,0,0,0,0,0,0,0,0,0,0
k__Fungi,p__Basidiomycota,c__Agaricomycetes,o__Polyporales,f__Steccherinaceae,g__Steccherinum,s__litschaueri,0,0,324,0,0,0,0,0,0,0,0,0,0,0,0,0,0,0,0,0
k__Fungi,p__Basidiomycota,c__Agaricomycetes,o__Polyporales,f__Steccherinaceae,g__Steccherinum,s__ochraceum,0,0,22,0,0,0,0,0,0,0,0,0,0,0,0,0,0,0,0,0
k__Fungi,p__Basidiomycota,c__Agaricomycetes,o__Russulales,f__Peniophoraceae,g__Metulodontia,s__nivea,0,0,0,0,0,0,0,0,0,0,6,0,0,0,0,0,0,0,0,0
k__Fungi,p__Basidiomycota,c__Agaricomycetes,o__Russulales,f__Peniophoraceae,g__Peniophora,s__malaiensis,0,0,0,0,0,0,0,0,0,0,58,0,0,0,0,0,0,0,0,0
k__Fungi,p__Basidiomycota,c__Agaricomycetes,o__Russulales,f__Peniophoraceae,g__Peniophora,s__proxima,147,0,192,0,0,0,0,0,0,0,0,0,0,0,0,0,0,0,0,0
k__Fungi,p__Basidiomycota,c__Agaricomycetes,o__Russulales,f__Peniophoraceae,g__Peniophora,s__simulans,0,0,528,0,0,0,0,0,0,345,0,0,0,0,0,0,0,0,0,0
k__Fungi,p__Basidiomycota,c__Agaricomycetes,o__Russulales,f__Peniophoraceae,g__Peniophora,NA,0,0,807,0,0,0,0,0,889,296,0,0,0,0,0,0,0,0,0,0
k__Fungi,p__Basidiomycota,c__Agaricomycetes,o__Russulales,f__Peniophoraceae,NA,NA,0,0,0,0,0,0,0,0,0,40,0,0,0,0,0,0,0,0,0,0
k__Fungi,p__Basidiomycota,c__Agaricomycetes,o__Russulales,f__Russulaceae,g__Russula,NA,0,0,0,0,0,0,0,0,0,0,38,0,0,0,0,0,0,0,0,0
k__Fungi,p__Basidiomycota,c__Agaricomycetes,o__Russulales,f__Russulales_fam_Incertae_sedis,g__Confertobasidium,s__olivaceoalbum,0,383,0,0,0,0,0,0,0,0,0,0,0,0,0,0,0,0,0,0
k__Fungi,p__Basidiomycota,c__Agaricomycetes,o__Russulales,f__Stereaceae,g__Stereum,NA,0,156,340,0,31,0,0,0,0,0,0,0,0,0,0,15,0,0,0,0
k__Fungi,p__Basidiomycota,c__Agaricomycetes,o__Trechisporales,f__Hydnodontaceae,g__Trechispora,s__dimitica,0,0,287,176,0,0,0,0,0,0,20,0,0,0,0,0,0,0,0,0
k__Fungi,p__Basidiomycota,c__Agaricomycetes,o__Trechisporales,f__Hydnodontaceae,g__Trechispora,s__invisitata,0,0,0,0,0,0,0,0,0,0,30,0,0,0,0,0,0,0,0,0
k__Fungi,p__Basidiomycota,c__Agaricomycetes,o__Trechisporales,f__Hydnodontaceae,g__Trechispora,NA,0,0,0,0,0,0,0,607,0,0,0,0,0,0,0,0,0,0,0,0
k__Fungi,p__Basidiomycota,c__Agaricomycetes,NA,NA,NA,NA,130,0,0,0,0,0,0,0,33,151,38,0,0,0,0,0,189,0,0,0
k__Fungi,p__Basidiomycota,c__Agaricostilbomycetes,o__Agaricostilbales,f__Agaricostilbaceae,g__Pseudobensingtonia,NA,73,0,0,0,0,0,0,0,0,0,0,0,0,0,0,0,0,0,0,0
k__Fungi,p__Basidiomycota,c__Agaricostilbomycetes,o__Agaricostilbales,f__Agaricostilbaceae,g__Sterigmatomyces,s__halophilus,56,0,0,0,0,0,0,0,0,0,0,0,0,0,0,0,0,0,0,9453
k__Fungi,p__Basidiomycota,c__Agaricostilbomycetes,o__Agaricostilbales,f__Chionosphaeraceae,g__Kurtzmanomyces,s__nectairei,75,0,0,0,0,0,0,0,0,0,0,0,0,0,0,0,0,0,0,0
k__Fungi,p__Basidiomycota,c__Agaricostilbomycetes,o__Agaricostilbales,f__Chionosphaeraceae,g__Kurtzmanomyces,NA,0,0,0,0,0,0,0,0,0,195,0,0,0,0,0,0,0,0,0,0
k__Fungi,p__Basidiomycota,c__Agaricostilbomycetes,o__Agaricostilbales,f__Kondoaceae,g__Kondoa,s__aeria,0,0,0,0,0,0,0,212,0,0,0,0,0,0,0,0,0,0,0,0
k__Fungi,p__Basidiomycota,c__Agaricostilbomycetes,o__Agaricostilbales,f__Kondoaceae,g__Kondoa,s__yuccicola,0,0,0,0,0,0,0,0,0,0,0,0,0,0,0,0,471,0,0,0
k__Fungi,p__Basidiomycota,c__Agaricostilbomycetes,o__Agaricostilbales,f__Kondoaceae,NA,NA,0,0,0,352,0,0,0,0,0,0,111,0,0,0,0,0,0,0,0,0
k__Fungi,p__Basidiomycota,c__Cystobasidiomycetes,o__Cystobasidiales,f__Cystobasidiaceae,g__Cystobasidium,s__slooffiae,98,0,614,0,0,0,0,0,0,0,0,0,0,0,0,0,0,0,0,0
k__Fungi,p__Basidiomycota,c__Cystobasidiomycetes,o__Cystobasidiomycetes_ord_Incertae_sedis,f__Buckleyzymaceae,g__Buckleyzyma,s__aurantiaca,0,0,0,0,0,0,0,0,0,0,115,0,0,506,0,0,0,0,0,0
k__Fungi,p__Basidiomycota,c__Cystobasidiomycetes,o__Cystobasidiomycetes_ord_Incertae_sedis,f__Buckleyzymaceae,g__Buckleyzyma,s__salicina,0,0,659,0,0,0,0,0,0,0,0,0,0,0,0,0,0,0,0,0
k__Fungi,p__Basidiomycota,c__Cystobasidiomycetes,o__Cystobasidiomycetes_ord_Incertae_sedis,f__Symmetrosporaceae,g__Symmetrospora,s__foliicola,0,0,0,0,0,0,0,0,0,0,423,0,0,0,0,0,0,0,0,0
k__Fungi,p__Basidiomycota,c__Cystobasidiomycetes,o__Cystobasidiomycetes_ord_Incertae_sedis,f__Symmetrosporaceae,g__Symmetrospora,NA,1089,0,531,0,0,0,0,0,376,0,721,0,0,0,296,0,0,0,0,0
k__Fungi,p__Basidiomycota,c__Cystobasidiomycetes,o__Erythrobasidiales,f__Erythrobasidiaceae,g__Erythrobasidium,NA,0,141,0,0,0,0,0,0,552,0,0,0,0,0,0,0,0,0,0,0
k__Fungi,p__Basidiomycota,c__Exobasidiomycetes,o__Entylomatales,f__Entylomataceae,g__Tilletiopsis,s__washingtonensis,0,0,10,0,0,0,0,0,0,0,0,0,0,0,0,0,0,0,0,0
k__Fungi,p__Basidiomycota,c__Exobasidiomycetes,o__Exobasidiales,f__Exobasidiaceae,g__Exobasidium,NA,0,0,2,0,0,0,0,0,0,0,0,0,0,0,0,0,0,0,0,0
k__Fungi,p__Basidiomycota,c__Exobasidiomycetes,o__Microstromatales,f__Microstromatales_fam_Incertae_sedis,g__Pseudomicrostroma,NA,0,0,4,0,0,0,0,0,0,0,0,0,0,0,0,0,0,0,0,0
k__Fungi,p__Basidiomycota,c__Exobasidiomycetes,o__Microstromatales,f__Quambalariaceae,g__Quambalaria,s__cyanescens,0,44,0,0,0,0,0,0,0,0,0,0,0,0,0,0,0,0,0,0
k__Fungi,p__Basidiomycota,c__Exobasidiomycetes,o__Robbauerales,f__Robbaueraceae,g__Robbauera,s__albescens,0,156,0,0,0,0,0,0,0,0,0,0,0,0,0,0,0,0,0,0
k__Fungi,p__Basidiomycota,c__Malasseziomycetes,o__Malasseziales,f__Malasseziaceae,g__Malassezia,s__globosa,494,129,184,878,1927,968,1631,714,237,148,184,236,0,0,0,0,1301,6974,1810,4450
k__Fungi,p__Basidiomycota,c__Malasseziomycetes,o__Malasseziales,f__Malasseziaceae,g__Malassezia,s__restricta,3067,3900,4443,984,1826,1530,3875,0,2127,900,140,354,0,1079,0,1858,967,6612,8360,3987
k__Fungi,p__Basidiomycota,c__Malasseziomycetes,o__Malasseziales,f__Malasseziaceae,g__Malassezia,s__sympodialis,0,0,0,0,433,0,0,0,0,0,28,0,0,0,0,0,0,0,0,0
k__Fungi,p__Basidiomycota,c__Malasseziomycetes,o__Malasseziales,f__Malasseziaceae,g__Malassezia,NA,700,848,749,0,373,365,1571,1297,97,565,83,112,2672,66,360,2760,811,8288,114,10589
k__Fungi,p__Basidiomycota,c__Malasseziomycetes,o__Malasseziales,f__Malasseziaceae,g__Malasseziaceae_gen_Incertae_sedis,NA,108,0,48,0,307,0,0,0,0,0,43,0,666,0,0,0,0,0,0,0
k__Fungi,p__Basidiomycota,c__Microbotryomycetes,o__Kriegeriales,f__Kriegeriaceae,g__Phenoliferia,s__psychrophila,0,0,0,0,0,0,0,0,0,0,0,0,0,0,0,0,0,0,408,0
k__Fungi,p__Basidiomycota,c__Microbotryomycetes,o__Microbotryomycetes_ord_Incertae_sedis,f__Chrysozymaceae,g__Chrysozyma,s__cylindrica,0,0,0,0,0,0,0,0,0,0,49,0,0,0,0,0,0,0,0,0
k__Fungi,p__Basidiomycota,c__Microbotryomycetes,o__Microbotryomycetes_ord_Incertae_sedis,f__Microbotryomycetes_fam_Incertae_sedis,g__Curvibasidium,NA,0,0,0,0,0,0,0,0,0,0,0,0,0,0,0,0,0,786,0,0
k__Fungi,p__Basidiomycota,c__Microbotryomycetes,o__Sporidiobolales,f__Sporidiobolaceae,g__Rhodosporidiobolus,s__colostri,0,0,0,0,52,0,0,0,0,0,0,0,0,0,0,0,0,0,0,0
k__Fungi,p__Basidiomycota,c__Microbotryomycetes,o__Sporidiobolales,f__Sporidiobolaceae,g__Rhodosporidiobolus,s__odoratus,0,0,0,0,0,0,0,0,0,602,0,0,0,0,0,0,0,0,0,0
k__Fungi,p__Basidiomycota,c__Microbotryomycetes,o__Sporidiobolales,f__Sporidiobolaceae,g__Rhodotorula,s__diobovata,0,0,0,0,0,0,0,0,0,226,0,0,0,0,0,0,0,0,0,0
k__Fungi,p__Basidiomycota,c__Microbotryomycetes,o__Sporidiobolales,f__Sporidiobolaceae,g__Rhodotorula,NA,0,141,0,0,0,0,0,0,621,0,0,307,0,0,0,0,262,0,0,0
k__Fungi,p__Basidiomycota,c__Microbotryomycetes,o__Sporidiobolales,f__Sporidiobolaceae,g__Sporobolomyces,NA,234,0,0,0,0,0,0,0,78,69,57,0,0,0,0,0,0,0,0,0
k__Fungi,p__Basidiomycota,c__Tremellomycetes,o__Cystofilobasidiales,f__Cystofilobasidiaceae,g__Cystofilobasidiaceae_gen_Incertae_sedis,NA,0,0,0,0,0,42,0,0,0,0,0,0,0,0,0,0,0,0,0,0
k__Fungi,p__Basidiomycota,c__Tremellomycetes,o__Cystofilobasidiales,f__Cystofilobasidiaceae,g__Cystofilobasidium,NA,0,0,0,0,0,0,0,0,0,201,0,0,0,0,0,0,0,0,0,0
k__Fungi,p__Basidiomycota,c__Tremellomycetes,o__Cystofilobasidiales,f__Mrakiaceae,g__Itersonilia,NA,0,0,0,0,0,0,3,0,0,90,0,0,0,3,0,0,0,0,0,0
k__Fungi,p__Basidiomycota,c__Tremellomycetes,o__Cystofilobasidiales,f__Mrakiaceae,g__Mrakia,s__niccombsii,0,0,0,0,0,0,0,0,0,0,0,0,0,0,0,1018,0,0,0,0
k__Fungi,p__Basidiomycota,c__Tremellomycetes,o__Cystofilobasidiales,f__Mrakiaceae,g__Mrakia,NA,0,0,0,0,0,0,0,0,0,130,0,0,0,0,0,0,0,0,0,0
k__Fungi,p__Basidiomycota,c__Tremellomycetes,o__Cystofilobasidiales,f__Mrakiaceae,g__Mrakiaceae_gen_Incertae_sedis,NA,0,0,80,0,0,0,0,0,0,0,0,0,0,0,0,0,0,0,0,0
k__Fungi,p__Basidiomycota,c__Tremellomycetes,o__Filobasidiales,f__Filobasidiaceae,g__Filobasidium,s__chernovii,0,0,0,0,996,0,0,0,0,0,129,0,0,0,0,0,0,778,0,0
k__Fungi,p__Basidiomycota,c__Tremellomycetes,o__Filobasidiales,f__Filobasidiaceae,g__Filobasidium,s__magnum,0,0,625,0,258,0,1136,0,0,279,53,0,0,0,0,0,38,0,0,0
k__Fungi,p__Basidiomycota,c__Tremellomycetes,o__Filobasidiales,f__Filobasidiaceae,g__Filobasidium,s__oeirense,0,0,78,0,0,0,0,0,0,234,0,0,0,0,0,0,0,0,0,0
k__Fungi,p__Basidiomycota,c__Tremellomycetes,o__Filobasidiales,f__Filobasidiaceae,g__Filobasidium,NA,0,75,991,0,0,0,0,0,505,0,203,0,0,0,0,0,0,0,0,0
k__Fungi,p__Basidiomycota,c__Tremellomycetes,o__Filobasidiales,f__Filobasidiaceae,g__Naganishia,s__diffluens,0,0,0,0,0,0,1534,0,0,0,0,0,0,0,0,0,276,0,0,0
k__Fungi,p__Basidiomycota,c__Tremellomycetes,o__Filobasidiales,f__Filobasidiaceae,g__Naganishia,s__globosa,0,0,0,0,0,0,0,0,0,0,55,0,0,0,0,0,0,0,0,0
k__Fungi,p__Basidiomycota,c__Tremellomycetes,o__Filobasidiales,f__Piskurozymaceae,g__Piskurozyma,NA,0,0,249,0,0,0,0,0,0,0,0,0,0,0,0,0,0,0,0,0
k__Fungi,p__Basidiomycota,c__Tremellomycetes,o__Tremellales,f__Bulleraceae,g__Fonsecazyma,NA,0,0,716,0,0,0,0,0,0,0,0,0,0,0,0,0,0,0,0,0
k__Fungi,p__Basidiomycota,c__Tremellomycetes,o__Tremellales,f__Bulleraceae,g__Genolevuria,NA,0,0,2621,0,0,0,0,0,0,0,0,0,0,0,0,0,0,0,0,0
k__Fungi,p__Basidiomycota,c__Tremellomycetes,o__Tremellales,f__Bulleribasidiaceae,g__Dioszegia,s__buhagiarii,0,0,0,0,0,0,0,0,0,0,0,0,0,0,0,0,292,0,0,0
k__Fungi,p__Basidiomycota,c__Tremellomycetes,o__Tremellales,f__Bulleribasidiaceae,g__Dioszegia,s__hungarica,190,0,0,0,0,0,0,0,0,0,0,0,0,0,0,0,0,0,0,0
k__Fungi,p__Basidiomycota,c__Tremellomycetes,o__Tremellales,f__Bulleribasidiaceae,g__Dioszegia,NA,0,0,426,0,0,0,0,0,0,426,0,0,0,0,0,0,0,0,0,0
k__Fungi,p__Basidiomycota,c__Tremellomycetes,o__Tremellales,f__Bulleribasidiaceae,g__Hannaella,NA,0,0,0,0,0,1312,0,0,0,0,130,0,0,0,0,0,7,0,0,0
k__Fungi,p__Basidiomycota,c__Tremellomycetes,o__Tremellales,f__Bulleribasidiaceae,g__Vishniacozyma,s__carnescens,29,15,2,0,0,0,0,0,0,0,0,43,0,0,13,0,4,0,0,0
k__Fungi,p__Basidiomycota,c__Tremellomycetes,o__Tremellales,f__Bulleribasidiaceae,g__Vishniacozyma,s__victoriae,0,0,0,0,0,0,0,0,0,0,0,0,0,24,0,0,0,0,0,0
k__Fungi,p__Basidiomycota,c__Tremellomycetes,o__Tremellales,f__Bulleribasidiaceae,g__Vishniacozyma,NA,8,0,0,0,0,0,0,0,0,0,0,0,0,0,0,0,0,0,0,0
k__Fungi,p__Basidiomycota,c__Tremellomycetes,o__Tremellales,f__Cryptococcaceae,g__Cryptococcus,NA,0,0,0,0,0,0,0,0,0,0,0,0,0,0,0,0,0,0,325,0
k__Fungi,p__Basidiomycota,c__Tremellomycetes,o__Tremellales,f__Rhynchogastremataceae,g__Papiliotrema,NA,0,0,46,0,0,0,0,0,0,0,23,0,0,0,0,0,0,0,0,0
k__Fungi,p__Basidiomycota,c__Tremellomycetes,o__Trichosporonales,f__Trichosporonaceae,g__Cutaneotrichosporon,s__debeurmannianum,0,0,0,0,0,0,0,0,0,0,31,0,0,0,0,0,0,0,0,0
k__Fungi,p__Basidiomycota,c__Tremellomycetes,o__Trichosporonales,f__Trichosporonaceae,g__Cutaneotrichosporon,NA,0,0,0,0,0,0,0,0,568,0,0,0,0,0,0,0,0,0,0,0
k__Fungi,p__Basidiomycota,c__Tremellomycetes,o__Trichosporonales,f__Trichosporonaceae,g__Trichosporon,s__asahii,0,0,0,0,0,0,0,0,0,0,0,0,0,0,65,0,0,0,0,0
k__Fungi,p__Basidiomycota,c__Ustilaginomycetes,o__Ustilaginales,f__Ustilaginaceae,g__Anthracocystis,NA,0,0,172,0,0,0,0,0,0,0,0,0,0,0,0,0,0,0,0,0
k__Fungi,p__Basidiomycota,c__Ustilaginomycetes,o__Ustilaginales,f__Ustilaginaceae,g__Moesziomyces,NA,0,0,52,0,0,0,0,0,0,0,0,0,0,0,0,0,0,0,0,0
k__Fungi,p__Basidiomycota,c__Ustilaginomycetes,o__Ustilaginales,f__Ustilaginaceae,g__Ustilago,s__maydis,53,0,90,0,0,0,0,0,0,89,0,0,0,0,0,0,0,0,0,0
k__Fungi,p__Basidiomycota,c__Ustilaginomycetes,o__Ustilaginales,f__Ustilaginaceae,NA,NA,1108,0,1947,0,0,0,346,0,0,362,394,49,0,0,0,0,0,332,809,0
k__Fungi,p__Basidiomycota,c__Wallemiomycetes,o__Wallemiales,f__Wallemiaceae,g__Wallemia,NA,0,28,0,0,0,0,0,0,174,0,0,0,0,0,0,0,0,0,785,0
k__Fungi,p__Basidiomycota,NA,NA,NA,NA,NA,0,0,151,0,0,0,0,0,0,0,228,0,0,0,0,0,0,0,0,0
k__Fungi,NA,NA,NA,NA,NA,NA,403,929,1581,0,63,0,0,0,404,522,424,326,3808,0,0,0,305,482,0,0
k__Metazoa,p__Arthropoda,c__Collembola,o__Collembola_ord_Incertae_sedis,f__Sminthuridae,g__Allacma,NA,0,0,0,0,0,0,0,0,0,0,0,0,0,0,0,0,0,0,0,159
k__Metazoa,p__Arthropoda,c__Insecta,o__Psocoptera,f__Liposcelididae,g__Liposcelis,s__bostrychophila,17,1531,0,0,0,0,0,0,0,0,0,0,0,0,0,0,0,0,0,0
k__Metazoa,p__Mollusca,c__Bivalvia,o__Ostreoida,f__Pectinidae,g__Mizuhopecten,s__yessoensis,0,0,0,46,0,0,0,0,0,0,0,0,0,0,0,0,0,0,0,0
k__Rhizaria,p__Cercozoa,c__Cercozoa_cls_Incertae_sedis,o__Cercozoa_ord_Incertae_sedis,f__Cercozoa_fam_Incertae_sedis,g__Cercozoa_gen_Incertae_sedis,NA,285,730,333,36,153,7,953,63,9,16,204,177,4293,428,520,2912,771,1502,2123,1021
NA,NA,NA,NA,NA,NA,NA,997,2006,5318,9,2267,0,0,0,1497,1033,4515,325,0,923,0,0,0,976,554,135
