Kingdom,Phylum,Class,Order,Family,Genus,S1,S2,S3,S4,S5,S7,S8,S9,S10,S11,S12,S13,S15,S16,S17,S18,S19,S20,S21,S22
k__Fungi,p__Ascomycota,c__Arthoniomycetes,o__Lichenostigmatales,f__Phaeococcomycetaceae,g__Phaeococcomyces,48,0,0,0,0,0,0,0,0,379,799,0,0,0,0,0,0,0,0,0
k__Fungi,p__Ascomycota,c__Arthoniomycetes,o__Lichenostigmatales,NA,NA,0,0,779,0,0,0,0,0,0,38,0,0,0,0,0,0,0,0,0,0
k__Fungi,p__Ascomycota,c__Dothideomycetes,o__Botryosphaeriales,f__Botryosphaeriaceae,g__Dothiorella,91,0,0,0,0,0,0,0,0,0,0,0,0,0,0,0,0,0,0,0
k__Fungi,p__Ascomycota,c__Dothideomycetes,o__Botryosphaeriales,f__Botryosphaeriaceae,g__Neofusicoccum,0,0,0,2,0,0,0,0,0,0,0,0,0,0,0,0,0,0,0,0
k__Fungi,p__Ascomycota,c__Dothideomycetes,o__Botryosphaeriales,f__Botryosphaeriaceae,NA,0,0,0,0,0,0,3529,0,0,46,0,0,0,0,0,0,0,0,0,0
k__Fungi,p__Ascomycota,c__Dothideomycetes,o__Botryosphaeriales,f__Phyllostictaceae,g__Phyllosticta,0,0,0,0,0,0,0,0,0,0,52,0,0,0,0,0,0,0,0,0
k__Fungi,p__Ascomycota,c__Dothideomycetes,o__Capnodiales,f__Capnodiales_fam_Incertae_sedis,g__Arthrocatena,19,0,0,0,0,0,0,0,0,0,0,0,0,0,0,0,0,0,0,0
k__Fungi,p__Ascomycota,c__Dothideomycetes,o__Capnodiales,f__Cladosporiaceae,g__Cladosporium,27373,12462,51226,3442,2718,1325,9659,5550,21885,14327,12202,5395,14990,0,4675,6483,767,3703,11763,2802
k__Fungi,p__Ascomycota,c__Dothideomycetes,o__Capnodiales,f__Cladosporiaceae,g__Rachicladosporium,0,0,113,0,0,0,0,0,0,0,22,0,0,0,0,0,0,0,0,0
k__Fungi,p__Ascomycota,c__Dothideomycetes,o__Capnodiales,f__Cladosporiaceae,g__Toxicocladosporium,0,2295,0,0,0,0,0,0,0,0,0,0,0,0,0,0,0,0,0,0
k__Fungi,p__Ascomycota,c__Dothideomycetes,o__Capnodiales,f__Cladosporiaceae,g__Verrucocladosporium,158,862,22,0,0,124,965,0,0,137,0,0,0,125,0,0,0,163,0,0
k__Fungi,p__Ascomycota,c__Dothideomycetes,o__Capnodiales,f__Dissoconiaceae,g__Uwebraunia,0,0,1156,0,0,0,0,0,0,0,0,0,0,0,0,0,0,0,0,0
k__Fungi,p__Ascomycota,c__Dothideomycetes,o__Capnodiales,f__Neodevriesiaceae,g__Neodevriesia,239,0,447,0,0,0,0,0,0,0,115,0,0,0,0,0,0,0,0,0
k__Fungi,p__Ascomycota,c__Dothideomycetes,o__Capnodiales,f__Neodevriesiaceae,NA,0,0,140,0,0,0,0,0,0,0,19,0,0,0,0,0,0,0,0,0
k__Fungi,p__Ascomycota,c__Dothideomycetes,o__Coniosporiales,f__Coniosporiaceae,g__Coniosporium,0,0,275,0,0,0,0,0,0,0,1330,1255,0,0,0,0,0,0,0,0
k__Fungi,p__Ascomycota,c__Dothideomycetes,o__Dothideales,f__Dothioraceae,g__Dothiora,0,0,90,0,0,0,0,0,0,0,0,0,0,0,0,0,0,0,0,0
k__Fungi,p__Ascomycota,c__Dothideomycetes,o__Dothideales,f__Saccotheciaceae,g__Aureobasidium,709,0,1029,641,0,0,0,930,1201,1305,24,566,0,0,0,0,0,0,0,440
k__Fungi,p__Ascomycota,c__Dothideomycetes,o__Dothideales,f__Saccotheciaceae,NA,0,0,0,0,0,0,0,0,241,0,0,0,0,0,0,0,0,0,0,0
k__Fungi,p__Ascomycota,c__Dothideomycetes,o__Dothideomycetes_ord_Incertae_sedis,f__Dothideomycetes_fam_Incertae_sedis,g__Radulidium,0,0,0,0,0,0,0,669,0,0,0,0,0,0,0,0,0,0,0,0
k__Fungi,p__Ascomycota,c__Dothideomycetes,o__Mycosphaerellales,f__Extremaceae,g__Incertomyces,0,0,1014,0,0,0,0,0,0,0,0,0,0,0,0,0,0,0,0,0
k__Fungi,p__Ascomycota,c__Dothideomycetes,o__Mycosphaerellales,f__Extremaceae,g__Petrophila,286,0,1968,0,0,0,0,0,0,53,0,141,0,0,0,0,0,0,0,0
k__Fungi,p__Ascomycota,c__Dothideomycetes,o__Mycosphaerellales,f__Mycosphaerellaceae,g__Acrodontium,0,60,0,0,0,0,0,0,0,0,0,0,0,0,0,0,0,0,0,0
k__Fungi,p__Ascomycota,c__Dothideomycetes,o__Mycosphaerellales,f__Mycosphaerellaceae,g__Geastrumia,0,0,0,0,0,0,0,0,0,0,0,0,0,0,0,0,192,0,0,0
k__Fungi,p__Ascomycota,c__Dothideomycetes,o__Mycosphaerellales,f__Mycosphaerellaceae,g__Ramularia,0,0,0,0,0,0,0,0,0,23,0,0,0,0,0,0,0,0,0,0
k__Fungi,p__Ascomycota,c__Dothideomycetes,o__Mycosphaerellales,f__Mycosphaerellaceae,g__Xenosonderhenia,0,0,0,0,407,0,0,0,0,0,0,0,0,0,0,0,0,0,0,0
k__Fungi,p__Ascomycota,c__Dothideomycetes,o__Mycosphaerellales,f__Mycosphaerellaceae,g__Zasmidium,0,0,0,0,0,0,0,0,0,14,0,0,0,0,0,0,0,0,0,0
k__Fungi,p__Ascomycota,c__Dothideomycetes,o__Mycosphaerellales,f__Mycosphaerellaceae,NA,0,0,10,0,0,0,0,0,0,0,625,0,0,0,0,0,0,0,0,0
k__Fungi,p__Ascomycota,c__Dothideomycetes,o__Mycosphaerellales,f__Teratosphaeriaceae,g__Catenulostroma,0,0,154,0,246,0,0,0,0,121,0,180,0,0,0,0,0,0,0,0
k__Fungi,p__Ascomycota,c__Dothideomycetes,o__Mycosphaerellales,f__Teratosphaeriaceae,g__Constantinomyces,0,0,0,0,0,0,0,0,0,213,0,0,0,0,0,0,0,0,0,0
k__Fungi,p__Ascomycota,c__Dothideomycetes,o__Mycosphaerellales,f__Teratosphaeriaceae,g__Hortaea,0,0,0,0,0,0,0,0,0,0,0,0,0,0,0,0,0,395,0,0
k__Fungi,p__Ascomycota,c__Dothideomycetes,o__Mycosphaerellales,f__Teratosphaeriaceae,g__Neocatenulostroma,0,0,256,0,0,0,0,0,0,0,0,0,0,0,0,0,0,0,0,0
k__Fungi,p__Ascomycota,c__Dothideomycetes,o__Mycosphaerellales,f__Teratosphaeriaceae,g__Salinomyces,0,0,135,0,0,0,0,0,0,0,0,0,0,0,0,0,0,0,0,0
k__Fungi,p__Ascomycota,c__Dothideomycetes,o__Mycosphaerellales,f__Teratosphaeriaceae,NA,112,0,0,0,0,0,0,989,0,0,0,0,0,0,0,0,0,0,3119,0
k__Fungi,p__Ascomycota,c__Dothideomycetes,o__Mycosphaerellales,NA,NA,6,0,0,0,0,0,0,0,0,81,0,0,0,0,0,0,0,0,0,0
k__Fungi,p__Ascomycota,c__Dothideomycetes,o__Myriangiales,f__Elsinoaceae,g__Elsinoe,0,1318,0,0,0,0,0,0,0,0,0,0,0,0,0,0,0,0,0,0
k__Fungi,p__Ascomycota,c__Dothideomycetes,o__Myriangiales,f__Endosporiaceae,g__Endosporium,0,301,0,0,0,0,0,0,0,0,0,0,0,0,0,0,0,0,0,0
k__Fungi,p__Ascomycota,c__Dothideomycetes,o__Myriangiales,f__Myriangiales_fam_Incertae_sedis,g__Myriangiales_gen_Incertae_sedis,0,0,1111,0,0,0,0,0,0,0,0,0,0,0,0,0,0,0,0,0
k__Fungi,p__Ascomycota,c__Dothideomycetes,o__Myriangiales,f__Myriangiales_fam_Incertae_sedis,g__Phaeosclera,0,0,339,0,104,0,0,0,0,0,0,121,0,0,0,0,0,0,0,0
k__Fungi,p__Ascomycota,c__Dothideomycetes,o__Neocelosporiales,f__Neocelosporiaceae,g__Neocelosporium,0,0,0,0,0,0,0,0,0,523,0,0,0,0,0,0,0,0,0,0
k__Fungi,p__Ascomycota,c__Dothideomycetes,o__Patellariales,f__Patellariaceae,g__Banhegyia,0,0,0,0,0,0,0,0,0,101,0,0,0,0,0,0,0,0,0,0
k__Fungi,p__Ascomycota,c__Dothideomycetes,o__Pleosporales,f__Amorosiaceae,g__Angustimassarina,0,0,204,0,0,0,0,0,655,0,0,0,0,0,0,0,0,0,0,0
k__Fungi,p__Ascomycota,c__Dothideomycetes,o__Pleosporales,f__Coniothyriaceae,g__Foliophoma,1012,0,0,0,0,0,0,0,0,0,0,0,0,0,0,0,0,0,0,0
k__Fungi,p__Ascomycota,c__Dothideomycetes,o__Pleosporales,f__Cucurbitariaceae,g__Neocucurbitaria,0,393,0,0,0,0,0,0,0,0,0,0,0,0,0,0,0,0,0,0
k__Fungi,p__Ascomycota,c__Dothideomycetes,o__Pleosporales,f__Didymellaceae,g__Ascochyta,0,0,31,0,0,0,0,0,0,0,0,0,0,0,0,0,0,0,0,0
k__Fungi,p__Ascomycota,c__Dothideomycetes,o__Pleosporales,f__Didymellaceae,g__Epicoccum,0,0,0,0,0,0,0,0,1214,0,0,0,0,0,0,0,0,0,0,0
k__Fungi,p__Ascomycota,c__Dothideomycetes,o__Pleosporales,f__Didymellaceae,g__Neoascochyta,0,0,0,0,0,0,0,0,0,0,0,131,0,0,0,0,0,0,0,0
k__Fungi,p__Ascomycota,c__Dothideomycetes,o__Pleosporales,f__Didymellaceae,NA,22117,358,525,10407,0,0,673,5107,2296,437,995,162,0,206,0,0,960,0,0,0
k__Fungi,p__Ascomycota,c__Dothideomycetes,o__Pleosporales,f__Didymosphaeriaceae,g__Neokalmusia,0,23,0,0,0,0,0,0,0,36,0,0,0,0,0,0,0,0,0,0
k__Fungi,p__Ascomycota,c__Dothideomycetes,o__Pleosporales,f__Didymosphaeriaceae,g__Paraphaeosphaeria,0,263,0,0,0,0,0,0,0,0,0,0,0,0,0,0,0,0,0,0
k__Fungi,p__Ascomycota,c__Dothideomycetes,o__Pleosporales,f__Didymosphaeriaceae,g__Pseudopithomyces,79,164,0,0,0,0,0,0,0,167,0,0,0,0,0,0,0,0,0,0
k__Fungi,p__Ascomycota,c__Dothideomycetes,o__Pleosporales,f__Didymosphaeriaceae,g__Spegazzinia,0,0,0,0,0,0,0,0,140,0,0,0,0,0,0,0,0,0,0,0
k__Fungi,p__Ascomycota,c__Dothideomycetes,o__Pleosporales,f__Didymosphaeriaceae,g__Tremateia,0,0,0,0,0,0,0,0,0,68,0,0,0,0,0,0,0,0,0,0
k__Fungi,p__Ascomycota,c__Dothideomycetes,o__Pleosporales,f__Leptosphaeriaceae,g__Plenodomus,844,0,0,0,0,0,0,0,0,0,0,0,0,0,0,0,0,0,0,0
k__Fungi,p__Ascomycota,c__Dothideomycetes,o__Pleosporales,f__Lophiostomataceae,g__Lophiostoma,0,0,90,189,0,0,0,0,0,0,0,190,0,0,0,0,0,0,0,0
k__Fungi,p__Ascomycota,c__Dothideomycetes,o__Pleosporales,f__Lophiostomataceae,g__Neovaginatispora,60,0,199,0,0,0,0,0,0,27,22,0,0,0,0,0,0,0,0,0
k__Fungi,p__Ascomycota,c__Dothideomycetes,o__Pleosporales,f__Lophiostomataceae,NA,0,0,942,0,0,0,0,0,0,0,0,0,0,0,0,0,0,0,0,0
k__Fungi,p__Ascomycota,c__Dothideomycetes,o__Pleosporales,f__Lophiotremataceae,g__Lophiotrema,0,0,288,0,0,0,0,0,0,0,0,0,0,0,0,0,0,0,0,0
k__Fungi,p__Ascomycota,c__Dothideomycetes,o__Pleosporales,f__Macrodiplodiopsidaceae,g__Macrodiplodiopsis,0,0,0,0,0,0,0,0,0,0,64,0,0,0,0,0,0,0,0,0
k__Fungi,p__Ascomycota,c__Dothideomycetes,o__Pleosporales,f__Parapyrenochaetaceae,g__Parapyrenochaeta,0,0,0,0,0,0,0,0,615,0,0,0,0,0,0,0,0,0,0,0
k__Fungi,p__Ascomycota,c__Dothideomycetes,o__Pleosporales,f__Periconiaceae,g__Periconia,450,0,176,0,0,0,0,0,624,145,250,0,0,0,0,0,0,707,0,0
k__Fungi,p__Ascomycota,c__Dothideomycetes,o__Pleosporales,f__Phaeosphaeriaceae,g__Didymocyrtis,0,0,0,0,0,0,0,0,917,0,0,0,0,0,0,0,0,0,0,0
k__Fungi,p__Ascomycota,c__Dothideomycetes,o__Pleosporales,f__Phaeosphaeriaceae,g__Leptospora,0,0,107,0,0,0,0,0,0,150,0,0,0,0,0,0,0,0,0,0
k__Fungi,p__Ascomycota,c__Dothideomycetes,o__Pleosporales,f__Phaeosphaeriaceae,g__Neosetophoma,1206,0,574,0,0,0,0,0,0,0,0,0,0,0,0,0,0,0,0,0
k__Fungi,p__Ascomycota,c__Dothideomycetes,o__Pleosporales,f__Phaeosphaeriaceae,g__Ophiosphaerella,0,0,0,0,102,0,0,0,0,0,0,0,0,0,0,0,0,0,0,0
k__Fungi,p__Ascomycota,c__Dothideomycetes,o__Pleosporales,f__Phaeosphaeriaceae,g__Phaeosphaeria,498,0,2462,1451,32,0,0,0,0,0,0,0,0,0,0,0,0,0,0,3
k__Fungi,p__Ascomycota,c__Dothideomycetes,o__Pleosporales,f__Phaeosphaeriaceae,g__Septoriella,0,0,0,0,0,0,0,0,0,61,0,0,0,0,0,0,0,0,0,0
k__Fungi,p__Ascomycota,c__Dothideomycetes,o__Pleosporales,f__Phaeosphaeriaceae,NA,0,0,0,0,48,0,0,0,0,0,0,0,0,0,0,0,0,0,0,0
k__Fungi,p__Ascomycota,c__Dothideomycetes,o__Pleosporales,f__Pleosporaceae,g__Alternaria,31771,2334,56121,720,320,1854,0,0,10855,3403,2239,900,1976,0,0,0,527,0,0,3
k__Fungi,p__Ascomycota,c__Dothideomycetes,o__Pleosporales,f__Pleosporaceae,g__Pyrenophora,0,0,5658,0,0,0,0,0,2277,6,0,0,0,0,0,0,0,0,0,0
k__Fungi,p__Ascomycota,c__Dothideomycetes,o__Pleosporales,f__Pleosporaceae,g__Stemphylium,1033,0,172,0,0,0,0,0,628,227,0,0,0,0,0,0,0,0,678,0
k__Fungi,p__Ascomycota,c__Dothideomycetes,o__Pleosporales,f__Pleosporaceae,NA,40,0,0,0,0,0,0,0,0,2769,0,0,0,0,0,0,0,0,0,0
k__Fungi,p__Ascomycota,c__Dothideomycetes,o__Pleosporales,f__Pleosporales_fam_Incertae_sedis,g__Chalastospora,0,0,114,0,0,0,0,0,0,0,0,0,0,0,0,0,0,0,0,0
k__Fungi,p__Ascomycota,c__Dothideomycetes,o__Pleosporales,f__Pseudomassarinaceae,g__Pseudomassarina,47,0,0,0,0,0,0,0,0,0,0,0,0,0,0,0,0,0,0,0
k__Fungi,p__Ascomycota,c__Dothideomycetes,o__Pleosporales,f__Sporormiaceae,g__Preussia,0,0,1184,0,0,0,0,0,0,0,0,0,0,0,0,0,0,0,0,0
k__Fungi,p__Ascomycota,c__Dothideomycetes,o__Pleosporales,f__Teichosporaceae,NA,0,0,0,0,0,0,0,0,0,0,0,184,0,0,0,0,0,0,0,0
k__Fungi,p__Ascomycota,c__Dothideomycetes,o__Pleosporales,f__Torulaceae,g__Torula,0,0,772,0,0,0,0,0,0,77,16,264,0,0,0,0,0,0,0,0
k__Fungi,p__Ascomycota,c__Dothideomycetes,o__Pleosporales,NA,NA,442,898,2429,845,164,0,0,0,0,541,267,0,0,0,0,0,1065,0,517,0
k__Fungi,p__Ascomycota,c__Dothideomycetes,o__Superstratomycetales,f__Superstratomycetaceae,g__Superstratomyces,0,0,8,0,0,0,0,0,0,0,0,0,0,0,0,0,0,0,0,0
k__Fungi,p__Ascomycota,c__Dothideomycetes,o__Tubeufiales,f__Tubeufiaceae,g__Zaanenomyces,0,0,0,0,0,0,0,0,0,0,0,0,0,0,0,0,0,0,198,0
k__Fungi,p__Ascomycota,c__Dothideomycetes,o__Valsariales,f__Valsariaceae,g__Valsaria,0,0,0,0,0,0,0,0,0,0,0,246,0,0,0,0,0,0,0,0
k__Fungi,p__Ascomycota,c__Dothideomycetes,o__Venturiales,f__Sympoventuriaceae,g__Bellamyces,0,0,187,0,0,0,0,0,0,0,0,0,0,0,0,0,0,0,0,0
k__Fungi,p__Ascomycota,c__Dothideomycetes,o__Venturiales,f__Venturiaceae,g__Tothia,0,0,46,0,0,0,0,0,0,0,0,0,0,0,0,0,0,0,0,0
k__Fungi,p__Ascomycota,c__Dothideomycetes,NA,NA,NA,0,0,2787,0,0,208,0,0,557,56,19,0,0,0,0,0,0,0,0,0
k__Fungi,p__Ascomycota,c__Eurotiomycetes,o__Chaetothyriales,f__Chaetothyriales_fam_Incertae_sedis,g__Anthracina,0,0,25,0,0,0,0,0,0,0,0,0,0,0,0,0,0,0,0,0
k__Fungi,p__Ascomycota,c__Eurotiomycetes,o__Chaetothyriales,f__Chaetothyriales_fam_Incertae_sedis,g__Neophaeococcomyces,0,0,1194,0,0,0,0,0,0,0,0,0,0,0,0,0,0,0,0,0
k__Fungi,p__Ascomycota,c__Eurotiomycetes,o__Chaetothyriales,f__Cyphellophoraceae,g__Cyphellophora,0,0,0,0,0,0,0,0,0,216,0,0,0,0,0,0,0,0,0,0
k__Fungi,p__Ascomycota,c__Eurotiomycetes,o__Chaetothyriales,f__Cyphellophoraceae,NA,0,0,0,0,0,0,0,0,3,0,0,0,0,0,0,0,0,0,0,0
k__Fungi,p__Ascomycota,c__Eurotiomycetes,o__Chaetothyriales,f__Herpotrichiellaceae,g__Exophiala,68082,138311,95687,82906,101424,77273,35136,43492,44937,32950,27838,32913,122941,71494,34773,31063,54801,58406,92647,97422
k__Fungi,p__Ascomycota,c__Eurotiomycetes,o__Chaetothyriales,f__Herpotrichiellaceae,g__Rhinocladiella,33,0,0,0,0,0,0,0,0,0,0,0,0,0,0,0,0,0,0,0
k__Fungi,p__Ascomycota,c__Eurotiomycetes,o__Chaetothyriales,f__Herpotrichiellaceae,NA,0,0,640,0,0,0,0,0,0,0,0,0,0,0,0,0,0,0,0,0
k__Fungi,p__Ascomycota,c__Eurotiomycetes,o__Chaetothyriales,f__Trichomeriaceae,g__Knufia,0,0,1768,0,0,0,0,0,0,0,649,144,0,0,0,0,0,0,0,0
k__Fungi,p__Ascomycota,c__Eurotiomycetes,o__Chaetothyriales,f__Trichomeriaceae,g__Lithohypha,0,0,0,0,0,0,0,0,0,0,0,0,0,0,0,0,148,0,0,0
k__Fungi,p__Ascomycota,c__Eurotiomycetes,o__Chaetothyriales,f__Trichomeriaceae,g__Trichomerium,0,0,0,0,0,0,0,0,0,0,163,0,0,0,0,0,0,0,0,0
k__Fungi,p__Ascomycota,c__Eurotiomycetes,o__Chaetothyriales,f__Trichomeriaceae,NA,0,0,0,0,0,0,0,0,0,0,77,0,0,0,0,0,0,0,0,0
k__Fungi,p__Ascomycota,c__Eurotiomycetes,o__Chaetothyriales,NA,NA,81,0,86,0,0,0,0,0,0,91,0,0,0,0,0,0,0,0,0,0
k__Fungi,p__Ascomycota,c__Eurotiomycetes,o__Eurotiales,f__Aspergillaceae,g__Aspergillus,88,132,505,0,48,0,0,0,0,2587,12,39,3257,0,0,0,0,0,0,0
k__Fungi,p__Ascomycota,c__Eurotiomycetes,o__Eurotiales,f__Aspergillaceae,g__Paecilomyces,0,0,0,0,0,38,126,0,0,55,0,28,1437,0,91,0,0,0,202,1202
k__Fungi,p__Ascomycota,c__Eurotiomycetes,o__Eurotiales,f__Aspergillaceae,g__Penicillium,1252,3327,2181,2069,1295,10963,11744,0,250,699,164,184,0,0,558,0,318,684,2538,3408
k__Fungi,p__Ascomycota,c__Eurotiomycetes,o__Eurotiales,f__Aspergillaceae,g__Talaromyces,0,8,0,0,0,0,0,0,0,0,0,0,0,0,0,0,0,153,0,0
k__Fungi,p__Ascomycota,c__Eurotiomycetes,o__Phaeomoniellales,f__Phaeomoniellaceae,g__Phaeomoniellaceae_gen_Incertae_sedis,212,0,0,0,0,0,0,0,0,0,0,0,0,0,0,0,0,0,0,0
k__Fungi,p__Ascomycota,c__Eurotiomycetes,o__Phaeomoniellales,NA,NA,0,213,0,0,0,0,0,0,0,0,0,0,0,0,0,0,0,0,0,0
k__Fungi,p__Ascomycota,c__Eurotiomycetes,o__Verrucariales,f__Verrucariaceae,g__Verrucaria,0,0,0,0,0,0,0,0,0,0,0,349,0,0,0,0,0,0,0,0
k__Fungi,p__Ascomycota,c__Lecanoromycetes,o__Lecanorales,f__Parmeliaceae,g__Evernia,0,0,104,0,0,0,0,0,0,0,0,0,0,0,0,0,0,0,0,0
k__Fungi,p__Ascomycota,c__Lecanoromycetes,o__Lecanorales,f__Scoliciosporaceae,g__Scoliciosporum,0,0,0,0,1187,0,0,0,0,0,0,0,0,0,0,0,0,0,0,0
k__Fungi,p__Ascomycota,c__Leotiomycetes,o__Erysiphales,f__Erysiphaceae,g__Erysiphe,0,39,0,0,0,0,229,0,0,19,0,0,0,0,0,0,0,0,0,0
k__Fungi,p__Ascomycota,c__Leotiomycetes,o__Helotiales,f__Calloriaceae,g__Calloriaceae_gen_Incertae_sedis,0,0,0,0,0,0,0,0,0,8,0,0,0,0,0,0,0,0,0,0
k__Fungi,p__Ascomycota,c__Leotiomycetes,o__Helotiales,f__Helotiaceae,g__Hymenoscyphus,0,0,0,0,0,0,0,0,0,0,0,0,0,0,0,0,0,916,0,0
k__Fungi,p__Ascomycota,c__Leotiomycetes,o__Helotiales,f__Helotiales_fam_Incertae_sedis,g__Cryptocline,0,0,0,0,314,0,0,0,0,0,0,0,0,0,0,0,0,0,0,0
k__Fungi,p__Ascomycota,c__Leotiomycetes,o__Helotiales,f__Hyaloscyphaceae,g__Incrucipulum,0,0,117,0,0,0,0,0,0,0,0,110,0,0,0,0,0,0,0,0
k__Fungi,p__Ascomycota,c__Leotiomycetes,o__Helotiales,f__Hyaloscyphaceae,g__Lachnum,0,0,0,0,1149,0,0,0,0,0,0,0,0,0,0,0,0,0,0,0
k__Fungi,p__Ascomycota,c__Leotiomycetes,o__Helotiales,f__Hyaloscyphaceae,NA,0,0,510,0,0,0,0,0,0,0,0,0,0,0,0,0,0,0,0,0
k__Fungi,p__Ascomycota,c__Leotiomycetes,o__Helotiales,f__Sclerotiniaceae,NA,0,0,0,0,0,0,1274,753,0,0,0,0,0,0,174,727,0,0,0,0
k__Fungi,p__Ascomycota,c__Leotiomycetes,o__Helotiales,NA,NA,157,0,1073,0,178,632,0,0,0,31,74,51,0,0,0,0,0,0,0,0
k__Fungi,p__Ascomycota,c__Leotiomycetes,o__Thelebolales,f__Pseudeurotiaceae,g__Pseudogymnoascus,0,0,0,0,0,0,0,0,0,0,0,0,0,0,0,0,191,0,0,0
k__Fungi,p__Ascomycota,c__Leotiomycetes,o__Thelebolales,f__Thelebolaceae,g__Thelebolus,0,0,0,0,0,0,0,0,0,0,0,0,0,0,0,0,245,0,0,0
k__Fungi,p__Ascomycota,c__Leotiomycetes,NA,NA,NA,0,0,0,0,0,0,0,0,596,0,39,0,0,0,0,0,0,0,0,0
k__Fungi,p__Ascomycota,c__Orbiliomycetes,o__Orbiliales,f__Orbiliaceae,g__Orbilia,218,0,0,0,0,0,0,0,0,0,0,0,0,0,0,0,0,0,0,0
k__Fungi,p__Ascomycota,c__Orbiliomycetes,o__Orbiliales,f__Orbiliaceae,NA,0,0,8233,0,0,0,0,0,0,0,0,0,0,0,0,1415,0,0,0,0
k__Fungi,p__Ascomycota,c__Pezizomycetes,o__Pezizales,f__Discinaceae,g__Discinaceae_gen_Incertae_sedis,19,0,0,0,0,0,0,0,0,0,0,0,0,0,0,0,0,0,0,0
k__Fungi,p__Ascomycota,c__Pezizomycetes,o__Pezizales,f__Pezizaceae,g__Peziza,0,0,0,0,0,0,0,0,0,3,0,0,0,0,0,0,0,0,0,0
k__Fungi,p__Ascomycota,c__Saccharomycetes,o__Saccharomycetales,f__Debaryomycetaceae,g__Debaryomyces,0,0,0,0,0,0,3,0,3,101,0,50,0,0,0,0,0,0,0,0
k__Fungi,p__Ascomycota,c__Saccharomycetes,o__Saccharomycetales,f__Debaryomycetaceae,g__Meyerozyma,0,0,55,0,0,0,0,0,0,0,0,0,0,0,0,0,0,0,0,0
k__Fungi,p__Ascomycota,c__Saccharomycetes,o__Saccharomycetales,f__Saccharomycetaceae,g__Saccharomyces,0,0,12,0,0,0,0,0,0,0,0,0,0,0,0,0,0,14,0,0
k__Fungi,p__Ascomycota,c__Saccharomycetes,o__Saccharomycetales,f__Saccharomycetales_fam_Incertae_sedis,g__Candida,0,162,0,0,37,0,0,0,0,0,0,0,0,0,0,0,0,91,0,0
k__Fungi,p__Ascomycota,c__Sordariomycetes,o__Calosphaeriales,f__Calosphaeriaceae,g__Jattaea,0,0,0,0,0,0,0,0,0,73,0,0,0,0,0,0,0,0,0,0
k__Fungi,p__Ascomycota,c__Sordariomycetes,o__Diaporthales,f__Diaporthaceae,NA,0,0,0,0,0,0,0,0,0,0,0,715,0,0,0,0,0,0,0,0
k__Fungi,p__Ascomycota,c__Sordariomycetes,o__Diaporthales,f__Gnomoniaceae,g__Gnomoniopsis,0,0,0,0,0,0,0,0,0,0,23,0,0,0,0,0,0,0,0,0
k__Fungi,p__Ascomycota,c__Sordariomycetes,o__Diaporthales,f__Valsaceae,g__Valsa,0,59,0,0,0,0,0,0,0,0,0,0,0,0,0,0,0,0,0,0
k__Fungi,p__Ascomycota,c__Sordariomycetes,o__Glomerellales,f__Glomerellaceae,g__Colletotrichum,0,0,0,0,0,0,0,0,0,22,0,0,0,0,0,0,0,0,0,0
k__Fungi,p__Ascomycota,c__Sordariomycetes,o__Glomerellales,f__Plectosphaerellaceae,g__Brunneomyces,0,0,0,0,506,0,0,0,0,0,0,0,0,0,0,0,0,0,0,0
k__Fungi,p__Ascomycota,c__Sordariomycetes,o__Hypocreales,f__Bionectriaceae,g__Clonostachys,0,0,0,0,0,0,0,0,0,105,52,0,0,0,0,0,0,0,0,0
k__Fungi,p__Ascomycota,c__Sordariomycetes,o__Hypocreales,f__Bionectriaceae,g__Stanjemonium,0,0,709,0,0,0,0,0,0,0,0,213,0,0,0,0,0,0,0,0
k__Fungi,p__Ascomycota,c__Sordariomycetes,o__Hypocreales,f__Bionectriaceae,g__Valsonectria,0,0,0,0,0,0,0,0,0,0,0,44,0,0,0,0,0,0,0,0
k__Fungi,p__Ascomycota,c__Sordariomycetes,o__Hypocreales,f__Bionectriaceae,NA,0,0,0,0,0,0,0,0,0,0,0,0,0,0,0,0,390,0,0,0
k__Fungi,p__Ascomycota,c__Sordariomycetes,o__Hypocreales,f__Clavicipitaceae,g__Claviceps,62,0,0,0,0,0,0,0,0,195,54,0,0,0,0,0,0,0,0,0
k__Fungi,p__Ascomycota,c__Sordariomycetes,o__Hypocreales,f__Cordycipitaceae,g__Beauveria,978,0,288,0,0,0,782,0,0,0,14,0,0,0,0,0,0,0,0,0
k__Fungi,p__Ascomycota,c__Sordariomycetes,o__Hypocreales,f__Cordycipitaceae,g__Lecanicillium,62,0,0,0,0,0,0,0,0,0,0,0,0,0,0,0,0,0,0,0
k__Fungi,p__Ascomycota,c__Sordariomycetes,o__Hypocreales,f__Hypocreales_fam_Incertae_sedis,g__Acremonium,0,0,173,0,0,0,0,0,0,0,55,32,0,0,0,0,0,0,0,0
k__Fungi,p__Ascomycota,c__Sordariomycetes,o__Hypocreales,f__Hypocreales_fam_Incertae_sedis,g__Sarocladium,423,271,408,77,114,0,545,1820,401,112,212,110,2376,556,642,665,359,855,0,4109
k__Fungi,p__Ascomycota,c__Sordariomycetes,o__Hypocreales,f__Nectriaceae,g__Fusarium,32,0,0,0,0,0,0,807,584,4745,540,0,0,0,0,0,469,0,0,0
k__Fungi,p__Ascomycota,c__Sordariomycetes,o__Hypocreales,f__Niessliaceae,g__Niesslia,0,0,0,0,0,0,0,0,0,0,25,0,0,0,0,0,0,0,0,0
k__Fungi,p__Ascomycota,c__Sordariomycetes,o__Hypocreales,f__Ophiocordycipitaceae,g__Purpureocillium,0,0,0,0,0,0,0,0,0,0,0,0,0,0,0,0,0,187,0,0
k__Fungi,p__Ascomycota,c__Sordariomycetes,o__Hypocreales,f__Stachybotryaceae,g__Striaticonidium,0,0,0,0,0,0,0,0,0,0,0,0,0,0,0,0,0,458,0,0
k__Fungi,p__Ascomycota,c__Sordariomycetes,o__Hypocreales,NA,NA,0,0,281,0,0,0,0,0,69,0,0,0,0,0,0,900,0,0,0,0
k__Fungi,p__Ascomycota,c__Sordariomycetes,o__Melanosporales,f__Melanosporaceae,g__Melanospora,0,0,0,0,0,0,0,0,0,0,0,0,0,0,0,9,0,0,0,0
k__Fungi,p__Ascomycota,c__Sordariomycetes,o__Microascales,f__Microascaceae,NA,0,0,0,0,0,0,0,0,0,0,0,75,0,0,0,0,0,0,0,0
k__Fungi,p__Ascomycota,c__Sordariomycetes,o__Myrmecridiales,f__Myrmecridiaceae,g__Myrmecridium,0,0,0,0,0,0,0,0,0,0,55,0,0,708,0,0,0,0,0,0
k__Fungi,p__Ascomycota,c__Sordariomycetes,o__Sordariales,f__Chaetomiaceae,g__Chaetomium,12,0,0,0,127,0,0,0,0,0,0,0,0,0,0,0,0,0,0,0
k__Fungi,p__Ascomycota,c__Sordariomycetes,o__Sordariales,f__Chaetomiaceae,g__Melanocarpus,0,0,0,0,0,0,0,0,0,0,0,0,0,0,0,0,1101,0,0,0
k__Fungi,p__Ascomycota,c__Sordariomycetes,o__Sordariales,f__Chaetomiaceae,NA,0,0,0,0,0,0,0,0,629,0,0,0,0,0,0,0,0,0,0,0
k__Fungi,p__Ascomycota,c__Sordariomycetes,o__Sordariales,f__Lasiosphaeriaceae,g__Apodus,0,621,0,0,0,0,0,0,0,0,0,0,0,0,0,0,0,0,0,0
k__Fungi,p__Ascomycota,c__Sordariomycetes,o__Togniniales,f__Togniniaceae,g__Phaeoacremonium,0,0,0,0,0,0,0,0,0,0,0,0,0,101,0,0,0,0,0,0
k__Fungi,p__Ascomycota,c__Sordariomycetes,o__Trichosphaeriales,f__Trichosphaeriaceae,g__Nigrospora,0,0,0,0,0,0,0,0,1062,20,436,148,0,0,0,0,0,0,0,0
k__Fungi,p__Ascomycota,c__Sordariomycetes,o__Xylariales,f__Apiosporaceae,g__Apiospora,0,0,52,0,0,0,2106,0,0,0,0,0,0,0,0,0,0,0,0,0
k__Fungi,p__Ascomycota,c__Sordariomycetes,o__Xylariales,f__Apiosporaceae,NA,0,0,0,0,0,0,0,0,505,0,0,0,0,0,0,0,0,0,0,0
k__Fungi,p__Ascomycota,c__Sordariomycetes,o__Xylariales,f__Diatrypaceae,g__Cryptovalsa,0,0,0,0,0,0,0,0,0,0,21,0,0,0,0,0,0,0,0,0
k__Fungi,p__Ascomycota,c__Sordariomycetes,o__Xylariales,f__Diatrypaceae,g__Eutypa,0,0,0,0,0,0,0,0,87,0,0,0,0,0,0,0,0,0,0,0
k__Fungi,p__Ascomycota,c__Sordariomycetes,o__Xylariales,f__Diatrypaceae,g__Eutypella,0,0,306,0,0,0,0,0,0,0,0,0,0,0,0,0,0,0,0,0
k__Fungi,p__Ascomycota,c__Sordariomycetes,o__Xylariales,f__Graphostromataceae,g__Biscogniauxia,0,0,0,0,0,0,0,0,0,0,29,0,0,0,0,0,0,0,0,0
k__Fungi,p__Ascomycota,c__Sordariomycetes,o__Xylariales,f__Hypoxylaceae,g__Hypoxylon,354,2402,776,1517,600,6786,5923,1341,0,0,0,0,0,0,0,0,0,0,0,0
k__Fungi,p__Ascomycota,c__Sordariomycetes,o__Xylariales,f__Xylariaceae,g__Anthostomella,0,0,0,0,0,9208,0,0,0,0,0,0,0,0,0,0,0,0,0,0
k__Fungi,p__Ascomycota,c__Sordariomycetes,o__Xylariales,f__Xylariaceae,NA,0,254,0,0,0,0,0,0,0,0,0,0,0,0,0,0,0,0,0,0
k__Fungi,p__Ascomycota,c__Sordariomycetes,o__Xylariales,f__Xylariales_fam_Incertae_sedis,g__Hansfordia,0,0,450,0,0,0,0,0,0,0,0,0,0,0,0,0,0,0,0,0
k__Fungi,p__Ascomycota,c__Sordariomycetes,o__Xylariales,NA,NA,0,0,866,70,0,0,0,0,665,345,32,154,0,0,0,0,0,0,0,0
k__Fungi,p__Ascomycota,c__Sordariomycetes,NA,NA,NA,115,0,0,0,0,0,0,0,0,118,0,0,0,0,0,0,0,0,0,0
k__Fungi,p__Ascomycota,c__Taphrinomycetes,o__Taphrinales,f__Taphrinaceae,g__Taphrina,74,0,1645,0,0,0,0,0,412,230,99,0,0,0,0,0,0,0,0,0
k__Fungi,p__Ascomycota,c__Taphrinomycetes,o__Taphrinales,f__Taphrinaceae,g__Taphrinaceae_gen_Incertae_sedis,0,0,0,0,0,0,0,0,0,159,0,0,0,0,0,0,0,0,0,0
k__Fungi,p__Ascomycota,c__Taphrinomycetes,o__Taphrinales,f__Taphrinaceae,NA,0,0,0,0,0,0,0,0,0,116,0,0,0,0,0,0,0,0,2077,0
k__Fungi,p__Ascomycota,NA,NA,NA,NA,576,638,6502,15,35,0,2621,0,1155,580,78,250,0,0,110,0,657,0,320,0
k__Fungi,p__Basidiomycota,c__Agaricomycetes,o__Agaricales,f__Agaricaceae,g__Agaricus,0,0,0,182,0,0,0,0,0,65,0,0,0,0,0,0,0,0,0,0
k__Fungi,p__Basidiomycota,c__Agaricomycetes,o__Agaricales,f__Crepidotaceae,g__Crepidotus,0,0,49,0,0,0,0,0,0,0,44,0,0,0,0,0,0,0,0,0
k__Fungi,p__Basidiomycota,c__Agaricomycetes,o__Agaricales,f__Cystostereaceae,g__Cystostereaceae_gen_Incertae_sedis,840,0,0,0,0,0,0,0,0,0,0,0,0,0,0,0,0,0,0,0
k__Fungi,p__Basidiomycota,c__Agaricomycetes,o__Agaricales,f__Entolomataceae,g__Entoloma,0,0,0,0,0,0,0,0,0,0,0,47,0,0,0,0,0,0,0,0
k__Fungi,p__Basidiomycota,c__Agaricomycetes,o__Agaricales,f__Hygrophoraceae,g__Arrhenia,0,0,0,0,0,0,0,0,0,156,0,0,0,0,0,0,0,0,0,0
k__Fungi,p__Basidiomycota,c__Agaricomycetes,o__Agaricales,f__Lyophyllaceae,g__Lyophyllum,0,0,0,0,0,0,523,0,0,0,0,0,0,0,0,0,0,0,0,0
k__Fungi,p__Basidiomycota,c__Agaricomycetes,o__Agaricales,f__Mycenaceae,g__Mycena,112,123,0,0,0,0,0,627,0,142,52,0,0,0,0,0,899,0,0,0
k__Fungi,p__Basidiomycota,c__Agaricomycetes,o__Agaricales,f__Omphalotaceae,g__Gymnopus,280,0,109,0,0,0,0,0,0,226,0,131,0,0,0,0,0,0,0,0
k__Fungi,p__Basidiomycota,c__Agaricomycetes,o__Agaricales,f__Omphalotaceae,g__Lentinula,0,0,0,0,0,0,0,0,0,0,0,86,0,0,0,1937,0,0,814,0
k__Fungi,p__Basidiomycota,c__Agaricomycetes,o__Agaricales,f__Omphalotaceae,g__Rhodocollybia,0,0,245,0,0,0,0,0,0,106,0,0,0,0,0,0,0,0,0,0
k__Fungi,p__Basidiomycota,c__Agaricomycetes,o__Agaricales,f__Physalacriaceae,g__Cylindrobasidium,0,0,0,0,0,0,0,0,0,274,0,0,0,0,0,0,0,0,0,0
k__Fungi,p__Basidiomycota,c__Agaricomycetes,o__Agaricales,f__Physalacriaceae,g__Flammulina,0,27,0,538,0,0,0,0,0,0,9,0,0,0,0,0,0,0,0,0
k__Fungi,p__Basidiomycota,c__Agaricomycetes,o__Agaricales,f__Physalacriaceae,g__Strobilurus,0,0,0,0,0,0,0,0,0,0,0,0,0,0,0,0,5,0,0,0
k__Fungi,p__Basidiomycota,c__Agaricomycetes,o__Agaricales,f__Pleurotaceae,g__Pleurotus,0,0,152,0,0,0,0,0,0,64,0,0,0,0,0,0,0,0,0,0
k__Fungi,p__Basidiomycota,c__Agaricomycetes,o__Agaricales,f__Psathyrellaceae,g__Coprinellus,0,0,66,0,0,0,0,0,0,0,0,0,0,0,0,0,0,0,0,0
k__Fungi,p__Basidiomycota,c__Agaricomycetes,o__Agaricales,f__Psathyrellaceae,g__Coprinopsis,108,0,0,0,0,0,0,0,0,0,0,94,0,0,0,0,0,0,0,0
k__Fungi,p__Basidiomycota,c__Agaricomycetes,o__Agaricales,f__Psathyrellaceae,g__Psathyrella,0,0,0,0,0,0,0,0,0,72,0,0,0,0,0,0,0,0,0,0
k__Fungi,p__Basidiomycota,c__Agaricomycetes,o__Agaricales,f__Psathyrellaceae,NA,0,0,0,0,0,0,0,0,25,0,0,0,0,0,0,0,0,0,0,0
k__Fungi,p__Basidiomycota,c__Agaricomycetes,o__Agaricales,f__Pterulaceae,g__Coronicium,13,0,0,0,0,0,0,0,0,0,0,0,0,0,0,0,0,0,0,0
k__Fungi,p__Basidiomycota,c__Agaricomycetes,o__Agaricales,f__Radulomycetaceae,g__Radulomyces,0,0,1004,0,0,0,0,0,0,0,0,69,0,0,0,0,0,0,0,0
k__Fungi,p__Basidiomycota,c__Agaricomycetes,o__Agaricales,f__Stephanosporaceae,NA,0,0,0,0,101,0,0,0,0,0,0,0,0,0,0,0,0,0,0,0
k__Fungi,p__Basidiomycota,c__Agaricomycetes,o__Agaricales,f__Strophariaceae,g__Pholiota,0,0,152,0,0,0,0,0,0,763,0,0,0,0,0,0,0,0,0,0
k__Fungi,p__Basidiomycota,c__Agaricomycetes,o__Agaricales,f__Tricholomataceae,g__Baeospora,0,0,39,0,0,0,0,0,0,0,0,0,0,0,0,0,0,0,0,0
k__Fungi,p__Basidiomycota,c__Agaricomycetes,o__Agaricales,f__Tricholomataceae,g__Clitocybe,0,66,0,0,0,0,0,0,0,0,0,0,0,0,0,0,0,0,0,0
k__Fungi,p__Basidiomycota,c__Agaricomycetes,o__Agaricales,f__Tricholomataceae,g__Hemimycena,0,0,0,0,0,0,0,0,15,0,0,0,0,0,0,0,0,0,0,0
k__Fungi,p__Basidiomycota,c__Agaricomycetes,o__Agaricales,f__Tricholomataceae,g__Leucopaxillus,0,0,0,0,0,0,0,0,0,169,0,0,0,0,0,0,0,0,0,0
k__Fungi,p__Basidiomycota,c__Agaricomycetes,o__Agaricales,f__Tricholomataceae,g__Resupinatus,157,0,0,0,0,0,0,0,0,0,0,0,0,0,0,0,0,0,0,0
k__Fungi,p__Basidiomycota,c__Agaricomycetes,o__Agaricales,f__Tricholomataceae,g__Tricholoma,0,0,46,0,0,0,0,0,0,0,0,0,0,0,0,0,0,0,0,0
k__Fungi,p__Basidiomycota,c__Agaricomycetes,o__Agaricales,f__Tricholomataceae,g__Tricholosporum,0,0,0,0,0,0,0,0,0,195,0,0,0,0,0,0,0,0,0,0
k__Fungi,p__Basidiomycota,c__Agaricomycetes,o__Agaricales,f__Tricholomataceae,g__Xeromphalina,0,0,0,0,0,0,0,0,0,0,0,102,0,0,0,0,0,0,0,0
k__Fungi,p__Basidiomycota,c__Agaricomycetes,o__Agaricales,f__Typhulaceae,g__Typhula,0,0,0,0,0,0,0,0,6,0,0,0,0,0,0,0,0,0,0,0
k__Fungi,p__Basidiomycota,c__Agaricomycetes,o__Agaricomycetes_ord_Incertae_sedis,f__Xenasmataceae,g__Xenasmatella,0,0,0,0,454,0,0,0,0,0,0,0,0,0,0,0,0,0,0,0
k__Fungi,p__Basidiomycota,c__Agaricomycetes,o__Amylocorticiales,f__Amylocorticiaceae,g__Amyloxenasma,0,0,0,0,0,0,0,0,0,0,0,30,0,0,304,0,0,0,0,0
k__Fungi,p__Basidiomycota,c__Agaricomycetes,o__Amylocorticiales,f__Amylocorticiaceae,NA,0,0,0,0,0,0,0,0,103,0,0,0,0,0,0,0,0,0,0,0
k__Fungi,p__Basidiomycota,c__Agaricomycetes,o__Atheliales,f__Atheliaceae,g__Athelia,0,0,0,0,0,0,0,0,0,0,0,12,0,76,0,0,0,0,0,0
k__Fungi,p__Basidiomycota,c__Agaricomycetes,o__Atheliales,f__Tylosporaceae,g__Amphinema,378,0,0,0,0,0,0,0,0,0,0,0,0,0,0,0,0,0,0,0
k__Fungi,p__Basidiomycota,c__Agaricomycetes,o__Atheliales,f__Tylosporaceae,g__Tylosporaceae_gen_Incertae_sedis,0,0,0,0,0,0,0,0,0,0,14,0,0,0,0,0,0,0,0,0
k__Fungi,p__Basidiomycota,c__Agaricomycetes,o__Atheliales,NA,NA,0,0,0,0,0,0,327,0,0,0,0,0,0,0,0,0,0,0,0,0
k__Fungi,p__Basidiomycota,c__Agaricomycetes,o__Auriculariales,f__Exidiaceae,g__Exidiopsis,264,0,344,0,0,0,0,0,0,0,0,0,0,0,0,0,0,0,0,0
k__Fungi,p__Basidiomycota,c__Agaricomycetes,o__Auriculariales,f__Hyaloriaceae,g__Myxarium,0,79,0,0,0,0,0,0,0,0,0,0,0,0,0,0,0,0,0,0
k__Fungi,p__Basidiomycota,c__Agaricomycetes,o__Auriculariales,NA,NA,0,0,31,0,0,0,0,0,0,0,0,0,0,0,0,0,0,0,0,0
k__Fungi,p__Basidiomycota,c__Agaricomycetes,o__Cantharellales,f__Botryobasidiaceae,g__Botryobasidium,0,0,72,0,0,0,0,0,0,92,24,0,0,0,0,0,0,0,0,0
k__Fungi,p__Basidiomycota,c__Agaricomycetes,o__Cantharellales,f__Ceratobasidiaceae,g__Ceratobasidiaceae_gen_Incertae_sedis,0,0,0,0,0,0,0,0,0,0,0,0,0,0,0,0,183,0,0,0
k__Fungi,p__Basidiomycota,c__Agaricomycetes,o__Cantharellales,f__Ceratobasidiaceae,NA,1919,0,398,0,0,0,0,0,20,0,0,0,0,0,0,0,0,0,0,0
k__Fungi,p__Basidiomycota,c__Agaricomycetes,o__Cantharellales,f__Hydnaceae,g__Burgoa,0,0,0,3245,0,0,517,0,434,0,33,280,0,0,0,0,0,0,0,0
k__Fungi,p__Basidiomycota,c__Agaricomycetes,o__Cantharellales,f__Hydnaceae,g__Sistotrema,0,280,0,110,0,0,0,773,0,0,0,0,0,0,0,0,0,578,0,0
k__Fungi,p__Basidiomycota,c__Agaricomycetes,o__Cantharellales,NA,NA,0,0,0,0,0,0,0,0,0,0,0,0,0,0,0,756,0,0,0,0
k__Fungi,p__Basidiomycota,c__Agaricomycetes,o__Corticiales,f__Corticiaceae,g__Limonomyces,14,0,0,0,0,0,0,0,0,0,0,0,0,0,0,0,0,0,0,0
k__Fungi,p__Basidiomycota,c__Agaricomycetes,o__Corticiales,f__Punctulariaceae,g__Punctularia,0,0,0,0,0,0,0,0,0,109,0,0,0,0,0,0,0,0,0,0
k__Fungi,p__Basidiomycota,c__Agaricomycetes,o__Corticiales,f__Vuilleminiaceae,g__Vuilleminia,678,0,0,0,0,0,0,0,0,174,0,251,0,0,0,0,227,0,0,0
k__Fungi,p__Basidiomycota,c__Agaricomycetes,o__Gloeophyllales,f__Gloeophyllaceae,g__Neolentinus,0,0,0,0,0,0,0,0,0,0,0,0,3077,0,0,0,0,0,0,0
k__Fungi,p__Basidiomycota,c__Agaricomycetes,o__Gomphales,f__Gomphaceae,NA,7,0,0,0,0,0,0,0,0,0,0,0,0,0,0,0,0,0,0,0
k__Fungi,p__Basidiomycota,c__Agaricomycetes,o__Gomphales,f__Lentariaceae,g__Kavinia,0,0,0,0,0,0,0,0,0,0,57,0,0,0,0,0,0,0,0,0
k__Fungi,p__Basidiomycota,c__Agaricomycetes,o__Hymenochaetales,f__Hymenochaetaceae,g__Fuscoporia,132,0,250,0,0,0,0,0,0,0,0,0,0,0,0,0,0,0,0,0
k__Fungi,p__Basidiomycota,c__Agaricomycetes,o__Hymenochaetales,f__Hymenochaetaceae,g__Hymenochaetaceae_gen_Incertae_sedis,0,0,0,0,0,0,0,0,0,0,0,77,0,0,0,0,0,0,0,0
k__Fungi,p__Basidiomycota,c__Agaricomycetes,o__Hymenochaetales,f__Hymenochaetaceae,g__Hymenochaete,0,138,0,0,0,0,0,0,0,0,0,0,0,0,0,938,431,0,0,0
k__Fungi,p__Basidiomycota,c__Agaricomycetes,o__Hymenochaetales,f__Hymenochaetaceae,g__Phellinus,0,0,85,98,0,0,0,0,204,0,0,0,0,0,0,0,0,0,0,0
k__Fungi,p__Basidiomycota,c__Agaricomycetes,o__Hymenochaetales,f__Hymenochaetales_fam_Incertae_sedis,g__Hymenochaetales_gen_Incertae_sedis,19,0,0,0,0,0,0,0,0,0,0,0,0,0,0,0,0,0,0,0
k__Fungi,p__Basidiomycota,c__Agaricomycetes,o__Hymenochaetales,f__Hymenochaetales_fam_Incertae_sedis,g__Trichaptum,0,0,0,0,26,0,0,0,0,0,27,0,0,0,0,0,0,0,0,0
k__Fungi,p__Basidiomycota,c__Agaricomycetes,o__Hymenochaetales,f__Rickenellaceae,g__Peniophorella,8,0,170,0,0,0,0,0,309,0,0,0,0,0,0,0,0,0,0,0
k__Fungi,p__Basidiomycota,c__Agaricomycetes,o__Hymenochaetales,f__Schizoporaceae,g__Fasciodontia,0,0,0,0,0,0,0,0,0,220,0,0,0,0,0,0,0,0,0,0
k__Fungi,p__Basidiomycota,c__Agaricomycetes,o__Hymenochaetales,f__Schizoporaceae,g__Hyphodontia,0,0,312,0,0,0,0,0,0,0,44,0,0,0,0,0,0,0,0,0
k__Fungi,p__Basidiomycota,c__Agaricomycetes,o__Hymenochaetales,f__Schizoporaceae,g__Lyomyces,46,0,0,0,0,0,0,0,0,0,0,0,0,0,0,0,0,0,0,0
k__Fungi,p__Basidiomycota,c__Agaricomycetes,o__Hymenochaetales,f__Schizoporaceae,g__Xylodon,0,34,2472,0,0,0,0,0,0,173,63,80,0,0,0,0,0,0,0,0
k__Fungi,p__Basidiomycota,c__Agaricomycetes,o__Hymenochaetales,f__Tubulicrinaceae,g__Tubulicrinis,0,0,0,0,0,0,0,0,0,180,0,0,0,0,0,0,0,0,0,0
k__Fungi,p__Basidiomycota,c__Agaricomycetes,o__Polyporales,f__Cerrenaceae,g__Cerrena,0,249,0,0,0,0,0,0,0,27,0,293,0,0,0,967,0,389,0,0
k__Fungi,p__Basidiomycota,c__Agaricomycetes,o__Polyporales,f__Dacryobolaceae,g__Dacryobolus,179,0,0,0,0,0,0,0,0,0,0,0,0,0,0,0,0,0,0,0
k__Fungi,p__Basidiomycota,c__Agaricomycetes,o__Polyporales,f__Fomitopsidaceae,g__Amyloporia,0,0,0,0,0,0,0,0,0,0,75,0,0,0,0,891,0,3,0,0
k__Fungi,p__Basidiomycota,c__Agaricomycetes,o__Polyporales,f__Fomitopsidaceae,g__Fibroporia,0,0,277,0,0,0,0,0,0,0,0,0,0,0,0,0,0,0,0,0
k__Fungi,p__Basidiomycota,c__Agaricomycetes,o__Polyporales,f__Fomitopsidaceae,g__Postia,0,0,0,0,0,0,0,0,0,0,0,0,0,0,0,690,0,0,0,0
k__Fungi,p__Basidiomycota,c__Agaricomycetes,o__Polyporales,f__Fomitopsidaceae,g__Sarcoporia,0,0,0,0,0,0,0,0,0,67,0,0,0,0,0,0,0,0,0,0
k__Fungi,p__Basidiomycota,c__Agaricomycetes,o__Polyporales,f__Incrustoporiaceae,g__Skeletocutis,0,0,0,0,0,0,0,0,0,55,0,0,0,0,0,0,0,344,0,0
k__Fungi,p__Basidiomycota,c__Agaricomycetes,o__Polyporales,f__Irpicaceae,g__Meruliopsis,0,0,0,1140,143,0,0,0,0,0,0,0,0,0,0,0,0,0,0,0
k__Fungi,p__Basidiomycota,c__Agaricomycetes,o__Polyporales,f__Irpicaceae,g__Trametopsis,0,0,0,226,0,0,0,0,0,0,0,0,0,0,0,0,0,0,0,0
k__Fungi,p__Basidiomycota,c__Agaricomycetes,o__Polyporales,f__Meripilaceae,g__Rigidoporus,0,94,0,0,0,0,0,0,0,0,2,0,0,0,0,236,0,253,0,6
k__Fungi,p__Basidiomycota,c__Agaricomycetes,o__Polyporales,f__Meruliaceae,g__Mycoacia,0,0,0,0,0,0,0,0,0,0,56,0,0,0,0,0,0,0,0,0
k__Fungi,p__Basidiomycota,c__Agaricomycetes,o__Polyporales,f__Meruliaceae,g__Phlebia,0,382,61,0,0,0,0,0,0,78,165,32,0,0,0,0,0,0,0,0
k__Fungi,p__Basidiomycota,c__Agaricomycetes,o__Polyporales,f__Phanerochaetaceae,g__Bjerkandera,0,345,0,0,0,0,587,0,0,146,33,0,0,652,0,1437,200,1052,0,0
k__Fungi,p__Basidiomycota,c__Agaricomycetes,o__Polyporales,f__Phanerochaetaceae,g__Phaeophlebiopsis,0,0,0,0,0,0,0,0,0,59,0,0,0,0,0,0,0,0,0,0
k__Fungi,p__Basidiomycota,c__Agaricomycetes,o__Polyporales,f__Phanerochaetaceae,g__Phanerochaete,0,0,0,0,0,0,0,0,0,125,0,0,0,0,0,0,0,0,0,0
k__Fungi,p__Basidiomycota,c__Agaricomycetes,o__Polyporales,f__Phanerochaetaceae,g__Phlebiopsis,0,0,13,0,0,0,0,0,0,0,0,0,0,0,0,0,0,0,0,0
k__Fungi,p__Basidiomycota,c__Agaricomycetes,o__Polyporales,f__Phanerochaetaceae,g__Terana,0,0,0,0,0,0,0,0,0,0,26,0,0,0,0,0,0,0,0,0
k__Fungi,p__Basidiomycota,c__Agaricomycetes,o__Polyporales,f__Polyporaceae,g__Coriolopsis,0,0,0,0,0,0,0,0,0,0,0,245,0,0,0,0,0,0,0,0
k__Fungi,p__Basidiomycota,c__Agaricomycetes,o__Polyporales,f__Polyporaceae,g__Daedaleopsis,0,0,0,22,0,0,180,0,0,358,124,0,0,1020,49,0,214,418,0,0
k__Fungi,p__Basidiomycota,c__Agaricomycetes,o__Polyporales,f__Polyporaceae,g__Lenzites,0,317,0,0,0,0,0,0,0,0,4,108,0,0,0,0,0,476,0,0
k__Fungi,p__Basidiomycota,c__Agaricomycetes,o__Polyporales,f__Polyporaceae,g__Perenniporia,0,0,55,0,0,0,0,0,0,0,0,0,0,0,0,0,0,0,0,0
k__Fungi,p__Basidiomycota,c__Agaricomycetes,o__Polyporales,f__Polyporaceae,g__Trametes,65,5057,0,576,151,395,0,0,0,1959,470,217,0,1351,259,5147,0,261,0,4
k__Fungi,p__Basidiomycota,c__Agaricomycetes,o__Polyporales,f__Polyporales_fam_Incertae_sedis,g__Crustoderma,120,0,0,0,0,0,0,0,0,0,0,0,0,0,0,0,0,0,0,0
k__Fungi,p__Basidiomycota,c__Agaricomycetes,o__Polyporales,f__Polyporales_fam_Incertae_sedis,g__Pycnoporellus,0,0,0,0,0,0,0,0,674,0,0,0,0,0,0,0,0,0,0,0
k__Fungi,p__Basidiomycota,c__Agaricomycetes,o__Polyporales,f__Steccherinaceae,g__Cabalodontia,0,0,0,0,0,0,0,0,0,0,0,0,0,0,0,0,116,0,0,0
k__Fungi,p__Basidiomycota,c__Agaricomycetes,o__Polyporales,f__Steccherinaceae,g__Fibricium,0,85,0,0,0,0,0,0,0,0,0,0,0,0,0,0,0,0,0,0
k__Fungi,p__Basidiomycota,c__Agaricomycetes,o__Polyporales,f__Steccherinaceae,g__Steccherinum,0,0,346,0,0,0,0,0,0,0,0,0,0,0,0,0,0,0,0,0
k__Fungi,p__Basidiomycota,c__Agaricomycetes,o__Russulales,f__Peniophoraceae,g__Metulodontia,0,0,0,0,0,0,0,0,0,0,6,0,0,0,0,0,0,0,0,0
k__Fungi,p__Basidiomycota,c__Agaricomycetes,o__Russulales,f__Peniophoraceae,g__Peniophora,147,0,1527,0,0,0,0,0,889,641,58,0,0,0,0,0,0,0,0,0
k__Fungi,p__Basidiomycota,c__Agaricomycetes,o__Russulales,f__Peniophoraceae,NA,0,0,0,0,0,0,0,0,0,40,0,0,0,0,0,0,0,0,0,0
k__Fungi,p__Basidiomycota,c__Agaricomycetes,o__Russulales,f__Russulaceae,g__Russula,0,0,0,0,0,0,0,0,0,0,38,0,0,0,0,0,0,0,0,0
k__Fungi,p__Basidiomycota,c__Agaricomycetes,o__Russulales,f__Russulales_fam_Incertae_sedis,g__Confertobasidium,0,383,0,0,0,0,0,0,0,0,0,0,0,0,0,0,0,0,0,0
k__Fungi,p__Basidiomycota,c__Agaricomycetes,o__Russulales,f__Stereaceae,g__Stereum,0,156,340,0,31,0,0,0,0,0,0,0,0,0,0,15,0,0,0,0
k__Fungi,p__Basidiomycota,c__Agaricomycetes,o__Trechisporales,f__Hydnodontaceae,g__Trechispora,0,0,287,176,0,0,0,607,0,0,50,0,0,0,0,0,0,0,0,0
k__Fungi,p__Basidiomycota,c__Agaricomycetes,NA,NA,NA,130,0,0,0,0,0,0,0,33,151,38,0,0,0,0,0,189,0,0,0
k__Fungi,p__Basidiomycota,c__Agaricostilbomycetes,o__Agaricostilbales,f__Agaricostilbaceae,g__Pseudobensingtonia,73,0,0,0,0,0,0,0,0,0,0,0,0,0,0,0,0,0,0,0
k__Fungi,p__Basidiomycota,c__Agaricostilbomycetes,o__Agaricostilbales,f__Agaricostilbaceae,g__Sterigmatomyces,56,0,0,0,0,0,0,0,0,0,0,0,0,0,0,0,0,0,0,9453
k__Fungi,p__Basidiomycota,c__Agaricostilbomycetes,o__Agaricostilbales,f__Chionosphaeraceae,g__Kurtzmanomyces,75,0,0,0,0,0,0,0,0,195,0,0,0,0,0,0,0,0,0,0
k__Fungi,p__Basidiomycota,c__Agaricostilbomycetes,o__Agaricostilbales,f__Kondoaceae,g__Kondoa,0,0,0,0,0,0,0,212,0,0,0,0,0,0,0,0,471,0,0,0
k__Fungi,p__Basidiomycota,c__Agaricostilbomycetes,o__Agaricostilbales,f__Kondoaceae,NA,0,0,0,352,0,0,0,0,0,0,111,0,0,0,0,0,0,0,0,0
k__Fungi,p__Basidiomycota,c__Cystobasidiomycetes,o__Cystobasidiales,f__Cystobasidiaceae,g__Cystobasidium,98,0,614,0,0,0,0,0,0,0,0,0,0,0,0,0,0,0,0,0
k__Fungi,p__Basidiomycota,c__Cystobasidiomycetes,o__Cystobasidiomycetes_ord_Incertae_sedis,f__Buckleyzymaceae,g__Buckleyzyma,0,0,659,0,0,0,0,0,0,0,115,0,0,506,0,0,0,0,0,0
k__Fungi,p__Basidiomycota,c__Cystobasidiomycetes,o__Cystobasidiomycetes_ord_Incertae_sedis,f__Symmetrosporaceae,g__Symmetrospora,1089,0,531,0,0,0,0,0,376,0,1144,0,0,0,296,0,0,0,0,0
k__Fungi,p__Basidiomycota,c__Cystobasidiomycetes,o__Erythrobasidiales,f__Erythrobasidiaceae,g__Erythrobasidium,0,141,0,0,0,0,0,0,552,0,0,0,0,0,0,0,0,0,0,0
k__Fungi,p__Basidiomycota,c__Exobasidiomycetes,o__Entylomatales,f__Entylomataceae,g__Tilletiopsis,0,0,10,0,0,0,0,0,0,0,0,0,0,0,0,0,0,0,0,0
k__Fungi,p__Basidiomycota,c__Exobasidiomycetes,o__Exobasidiales,f__Exobasidiaceae,g__Exobasidium,0,0,2,0,0,0,0,0,0,0,0,0,0,0,0,0,0,0,0,0
k__Fungi,p__Basidiomycota,c__Exobasidiomycetes,o__Microstromatales,f__Microstromatales_fam_Incertae_sedis,g__Pseudomicrostroma,0,0,4,0,0,0,0,0,0,0,0,0,0,0,0,0,0,0,0,0
k__Fungi,p__Basidiomycota,c__Exobasidiomycetes,o__Microstromatales,f__Quambalariaceae,g__Quambalaria,0,44,0,0,0,0,0,0,0,0,0,0,0,0,0,0,0,0,0,0
k__Fungi,p__Basidiomycota,c__Exobasidiomycetes,o__Robbauerales,f__Robbaueraceae,g__Robbauera,0,156,0,0,0,0,0,0,0,0,0,0,0,0,0,0,0,0,0,0
k__Fungi,p__Basidiomycota,c__Malasseziomycetes,o__Malasseziales,f__Malasseziaceae,g__Malassezia,4261,4877,5376,1862,4559,2863,7077,2011,2461,1613,435,702,2672,1145,360,4618,3079,21874,10284,19026
k__Fungi,p__Basidiomycota,c__Malasseziomycetes,o__Malasseziales,f__Malasseziaceae,g__Malasseziaceae_gen_Incertae_sedis,108,0,48,0,307,0,0,0,0,0,43,0,666,0,0,0,0,0,0,0
k__Fungi,p__Basidiomycota,c__Microbotryomycetes,o__Kriegeriales,f__Kriegeriaceae,g__Phenoliferia,0,0,0,0,0,0,0,0,0,0,0,0,0,0,0,0,0,0,408,0
k__Fungi,p__Basidiomycota,c__Microbotryomycetes,o__Microbotryomycetes_ord_Incertae_sedis,f__Chrysozymaceae,g__Chrysozyma,0,0,0,0,0,0,0,0,0,0,49,0,0,0,0,0,0,0,0,0
k__Fungi,p__Basidiomycota,c__Microbotryomycetes,o__Microbotryomycetes_ord_Incertae_sedis,f__Microbotryomycetes_fam_Incertae_sedis,g__Curvibasidium,0,0,0,0,0,0,0,0,0,0,0,0,0,0,0,0,0,786,0,0
k__Fungi,p__Basidiomycota,c__Microbotryomycetes,o__Sporidiobolales,f__Sporidiobolaceae,g__Rhodosporidiobolus,0,0,0,0,52,0,0,0,0,602,0,0,0,0,0,0,0,0,0,0
k__Fungi,p__Basidiomycota,c__Microbotryomycetes,o__Sporidiobolales,f__Sporidiobolaceae,g__Rhodotorula,0,141,0,0,0,0,0,0,621,226,0,307,0,0,0,0,262,0,0,0
k__Fungi,p__Basidiomycota,c__Microbotryomycetes,o__Sporidiobolales,f__Sporidiobolaceae,g__Sporobolomyces,234,0,0,0,0,0,0,0,78,69,57,0,0,0,0,0,0,0,0,0
k__Fungi,p__Basidiomycota,c__Tremellomycetes,o__Cystofilobasidiales,f__Cystofilobasidiaceae,g__Cystofilobasidiaceae_gen_Incertae_sedis,0,0,0,0,0,42,0,0,0,0,0,0,0,0,0,0,0,0,0,0
k__Fungi,p__Basidiomycota,c__Tremellomycetes,o__Cystofilobasidiales,f__Cystofilobasidiaceae,g__Cystofilobasidium,0,0,0,0,0,0,0,0,0,201,0,0,0,0,0,0,0,0,0,0
k__Fungi,p__Basidiomycota,c__Tremellomycetes,o__Cystofilobasidiales,f__Mrakiaceae,g__Itersonilia,0,0,0,0,0,0,3,0,0,90,0,0,0,3,0,0,0,0,0,0
k__Fungi,p__Basidiomycota,c__Tremellomycetes,o__Cystofilobasidiales,f__Mrakiaceae,g__Mrakia,0,0,0,0,0,0,0,0,0,130,0,0,0,0,0,1018,0,0,0,0
k__Fungi,p__Basidiomycota,c__Tremellomycetes,o__Cystofilobasidiales,f__Mrakiaceae,g__Mrakiaceae_gen_Incertae_sedis,0,0,80,0,0,0,0,0,0,0,0,0,0,0,0,0,0,0,0,0
k__Fungi,p__Basidiomycota,c__Tremellomycetes,o__Filobasidiales,f__Filobasidiaceae,g__Filobasidium,0,75,1694,0,1254,0,1136,0,505,513,385,0,0,0,0,0,38,778,0,0
k__Fungi,p__Basidiomycota,c__Tremellomycetes,o__Filobasidiales,f__Filobasidiaceae,g__Naganishia,0,0,0,0,0,0,1534,0,0,0,55,0,0,0,0,0,276,0,0,0
k__Fungi,p__Basidiomycota,c__Tremellomycetes,o__Filobasidiales,f__Piskurozymaceae,g__Piskurozyma,0,0,249,0,0,0,0,0,0,0,0,0,0,0,0,0,0,0,0,0
k__Fungi,p__Basidiomycota,c__Tremellomycetes,o__Tremellales,f__Bulleraceae,g__Fonsecazyma,0,0,716,0,0,0,0,0,0,0,0,0,0,0,0,0,0,0,0,0
k__Fungi,p__Basidiomycota,c__Tremellomycetes,o__Tremellales,f__Bulleraceae,g__Genolevuria,0,0,2621,0,0,0,0,0,0,0,0,0,0,0,0,0,0,0,0,0
k__Fungi,p__Basidiomycota,c__Tremellomycetes,o__Tremellales,f__Bulleribasidiaceae,g__Dioszegia,190,0,426,0,0,0,0,0,0,426,0,0,0,0,0,0,292,0,0,0
k__Fungi,p__Basidiomycota,c__Tremellomycetes,o__Tremellales,f__Bulleribasidiaceae,g__Hannaella,0,0,0,0,0,1312,0,0,0,0,130,0,0,0,0,0,7,0,0,0
k__Fungi,p__Basidiomycota,c__Tremellomycetes,o__Tremellales,f__Bulleribasidiaceae,g__Vishniacozyma,37,15,2,0,0,0,0,0,0,0,0,43,0,24,13,0,4,0,0,0
k__Fungi,p__Basidiomycota,c__Tremellomycetes,o__Tremellales,f__Cryptococcaceae,g__Cryptococcus,0,0,0,0,0,0,0,0,0,0,0,0,0,0,0,0,0,0,325,0
k__Fungi,p__Basidiomycota,c__Tremellomycetes,o__Tremellales,f__Rhynchogastremataceae,g__Papiliotrema,0,0,46,0,0,0,0,0,0,0,23,0,0,0,0,0,0,0,0,0
k__Fungi,p__Basidiomycota,c__Tremellomycetes,o__Trichosporonales,f__Trichosporonaceae,g__Cutaneotrichosporon,0,0,0,0,0,0,0,0,568,0,31,0,0,0,0,0,0,0,0,0
k__Fungi,p__Basidiomycota,c__Tremellomycetes,o__Trichosporonales,f__Trichosporonaceae,g__Trichosporon,0,0,0,0,0,0,0,0,0,0,0,0,0,0,65,0,0,0,0,0
k__Fungi,p__Basidiomycota,c__Ustilaginomycetes,o__Ustilaginales,f__Ustilaginaceae,g__Anthracocystis,0,0,172,0,0,0,0,0,0,0,0,0,0,0,0,0,0,0,0,0
k__Fungi,p__Basidiomycota,c__Ustilaginomycetes,o__Ustilaginales,f__Ustilaginaceae,g__Moesziomyces,0,0,52,0,0,0,0,0,0,0,0,0,0,0,0,0,0,0,0,0
k__Fungi,p__Basidiomycota,c__Ustilaginomycetes,o__Ustilaginales,f__Ustilaginaceae,g__Ustilago,53,0,90,0,0,0,0,0,0,89,0,0,0,0,0,0,0,0,0,0
k__Fungi,p__Basidiomycota,c__Ustilaginomycetes,o__Ustilaginales,f__Ustilaginaceae,NA,1108,0,1947,0,0,0,346,0,0,362,394,49,0,0,0,0,0,332,809,0
k__Fungi,p__Basidiomycota,c__Wallemiomycetes,o__Wallemiales,f__Wallemiaceae,g__Wallemia,0,28,0,0,0,0,0,0,174,0,0,0,0,0,0,0,0,0,785,0
k__Fungi,p__Basidiomycota,NA,NA,NA,NA,0,0,151,0,0,0,0,0,0,0,228,0,0,0,0,0,0,0,0,0
k__Fungi,NA,NA,NA,NA,NA,403,929,1581,0,63,0,0,0,404,522,424,326,3808,0,0,0,305,482,0,0
k__Metazoa,p__Arthropoda,c__Collembola,o__Collembola_ord_Incertae_sedis,f__Sminthuridae,g__Allacma,0,0,0,0,0,0,0,0,0,0,0,0,0,0,0,0,0,0,0,159
k__Metazoa,p__Arthropoda,c__Insecta,o__Psocoptera,f__Liposcelididae,g__Liposcelis,17,1531,0,0,0,0,0,0,0,0,0,0,0,0,0,0,0,0,0,0
k__Metazoa,p__Mollusca,c__Bivalvia,o__Ostreoida,f__Pectinidae,g__Mizuhopecten,0,0,0,46,0,0,0,0,0,0,0,0,0,0,0,0,0,0,0,0
k__Rhizaria,p__Cercozoa,c__Cercozoa_cls_Incertae_sedis,o__Cercozoa_ord_Incertae_sedis,f__Cercozoa_fam_Incertae_sedis,g__Cercozoa_gen_Incertae_sedis,285,730,333,36,153,7,953,63,9,16,204,177,4293,428,520,2912,771,1502,2123,1021
NA,NA,NA,NA,NA,NA,997,2006,5318,9,2267,0,0,0,1497,1033,4515,325,0,923,0,0,0,976,554,135
